country,iso3,year,internet_users,fixed_broadband,mobile_cellular,secure_servers,electricity_access,ict_goods_exp,ict_serv_exp,hightech_exp,unemp_total,unemp_total_nat,emp_rate_total,labor_force_part,unemp_youth,youth_neet,unemp_adv_edu,unemp_female,unemp_male,emp_rate_female,emp_rate_male,labor_force_part_fe,emp_agriculture,emp_industry,emp_services,emp_vulnerable,emp_wage_salaried,emp_self,labor_productivity,gdp_pc_ppp,gdp_growth,trade_openness,fdi_net_inflows,urban_pop_rate,tertiary_edu_enr,pop_total,pop_working_age,inflation_cpi,ln_gdp_pc,ln_pop,lag1_internet_users,lag2_internet_users,lag1_fixed_broadband,lag2_fixed_broadband,lag1_mobile_cellular,lag2_mobile_cellular,lag1_secure_servers,lag2_secure_servers,lag1_electricity_access,lag2_electricity_access,diff_internet_users,diff_unemp_total,gap_unemp_gender,gap_emp_gender,secure_servers_win,trade_openness_win,covid,myanmar_post2021,high_income
Brunei Darussalam,BRN,2010,53.0,5.53077495590469,110.901991170743,40.781786853991,100.0,0.41,0.0124597982674343,27.0264370402679,6.487,1.721,62.24,66.558,21.674,17.111,4.543,7.656,5.706,52.478,70.86,56.829,1.54471500117938,18.1575324055535,80.2977525932671,5.1130285958782,91.2045595422904,8.7959890070708,190650.107586153,88586.5133683924,2.74136439456163,95.3715460226132,3.50710078835613,75.2506559029998,15.3331604003906,392332.0,71.2205479033064,0.356869132017561,11.391734905688265,12.879863699097841,,,,,,,,,,,,,1.9499999999999993,-18.381999999999998,40.781786853991,95.3715460226132,0,0,1
Brunei Darussalam,BRN,2011,56.0,5.80511731670126,110.959741004384,57.5879656174807,100.0,0.35,0.0124597982674343,20.8704888884346,6.506,1.721,62.178,66.505,22.054,17.111,4.543,7.63,5.745,52.719,70.581,57.074,1.52174147081938,18.3642490337722,80.1145477838664,5.05668177462939,91.247429672613,8.75257032738704,194086.989101633,90279.6634042123,3.74440625524871,99.5379309038179,3.73105568458092,75.312125504778,17.4244594573975,399389.0,71.325789300393,0.13791156316954,11.410667502570648,12.897691158272615,53.0,,5.53077495590469,,110.901991170743,,40.781786853991,,100.0,,3.0,0.019000000000000128,1.8849999999999998,-17.862000000000002,57.5879656174807,99.5379309038179,0,0,1
Brunei Darussalam,BRN,2012,60.27310181,4.8942565410041,115.8258888393,120.821487485113,100.0,0.28,0.0124597982674343,13.7928355717921,6.571,3.4346666666666668,62.02,66.382,22.601,17.111,4.543,7.657,5.83,52.842,70.171,57.224,1.4907917019475,18.3403895004234,80.1688187976291,5.11589754445385,91.196549534293,8.80345046570703,192560.031246208,89718.4636049982,0.913135189664487,105.640902140819,4.54055753809902,75.2714233503027,22.0733509063721,405557.0,71.5334361550117,0.111766261400307,11.40443186415625,12.913016709859948,56.0,53.0,5.80511731670126,5.53077495590469,110.959741004384,110.901991170743,57.5879656174807,40.781786853991,100.0,100.0,4.27310181,0.0649999999999995,1.827,-17.329000000000008,120.821487485113,105.640902140819,0,0,1
Brunei Darussalam,BRN,2013,64.5,6.70157246316895,114.010632244007,148.345581976741,100.0,0.13,0.0124597982674343,16.2873491919089,6.709,5.148333333333333,61.744,66.184,23.338,17.111,4.543,7.764,5.986,52.855,69.607,57.304,1.46018137538656,18.0462773197328,80.4935413048807,5.23475023076081,91.0887216633552,8.91075684329646,185717.563131088,86606.6518910199,-2.12478292664558,110.939599584216,4.28670084809197,75.1756915148608,23.4649200439453,411202.0,71.7757938920531,0.389205053123632,11.369131903275255,12.926839856924493,60.27310181,56.0,4.8942565410041,5.80511731670126,115.8258888393,110.959741004384,120.821487485113,57.5879656174807,100.0,100.0,4.22689819,0.1379999999999999,1.7780000000000005,-16.752000000000002,148.345581976741,110.939599584216,0,0,1
Brunei Darussalam,BRN,2014,68.76999664,7.26070785842831,108.471265746851,237.5524895021,100.0,0.18,0.0124597982674343,8.5604591412129,6.862,6.862,61.421,65.946,24.092,17.111,4.543,7.886,6.158,52.832,68.992,57.355,1.43175261125139,17.8495939767649,80.7191676909389,5.27238784861685,91.0582318060963,8.94176819390374,178557.022911652,83310.6151819533,-2.50788727590711,102.421000963035,3.35660901155102,75.0572639801502,30.0799102783203,416750.0,72.023548861969,-0.207108731719822,11.330331253192721,12.940241800613041,64.5,60.27310181,6.70157246316895,4.8942565410041,114.010632244007,115.8258888393,148.345581976741,120.821487485113,100.0,100.0,4.269996640000002,0.15300000000000047,1.7279999999999998,-16.160000000000004,237.5524895021,102.421000963035,0,0,1
Brunei Darussalam,BRN,2015,71.19999695,8.15348687389274,109.751499246824,563.69785794814,100.0,0.19,0.0124597982674343,19.0919306854245,7.703,7.680000000000001,60.623,65.682,25.886,18.06266666666667,5.521333333333334,8.615,7.074,52.44,67.809,57.383,1.40279843974459,17.2558522358378,81.3408381004964,5.59023357820959,91.0305763027263,8.96891247335245,176798.039061445,81910.1882959493,-0.392383749502031,89.8961882533585,1.32471179544033,74.9484620568562,28.6641292572021,422212.0,72.2660325453002,-0.488347420743522,11.31337866132216,12.953262836540999,68.76999664,64.5,7.26070785842831,6.70157246316895,108.471265746851,114.010632244007,237.5524895021,148.345581976741,100.0,100.0,2.430000309999997,0.8410000000000002,1.5410000000000004,-15.369,563.69785794814,89.8961882533585,0,0,1
Brunei Darussalam,BRN,2016,90.0,8.44785809843673,122.42681797345,601.079604456877,100.0,0.8,0.003013531741434,13.5766744202278,8.537,8.498000000000001,59.836,65.421,27.629,19.014333333333333,6.499666666666666,9.336,7.983,52.051,66.65,57.411,1.38015205064965,16.5826743624298,82.0371735869206,5.86234076635562,91.0407078745963,8.95929212540364,171508.775303403,78880.6228501768,-2.47791771833224,87.319801332806,-1.32059047324396,74.8816070556641,28.6644096374512,427564.0,72.4604971419483,-0.278693265753083,11.275690885418983,12.965859263756226,71.19999695,68.76999664,8.15348687389274,7.26070785842831,109.751499246824,108.471265746851,563.69785794814,237.5524895021,100.0,100.0,18.80000305,0.8340000000000005,1.3530000000000006,-14.599000000000004,601.079604456877,87.319801332806,0,0,1
Brunei Darussalam,BRN,2017,94.86669922,9.49044762600168,125.870435240727,1589.75164751879,100.0,0.18,0.00515406664658179,29.8494711484063,9.316,9.316,59.117,65.191,29.255,19.966,7.478,10.004,8.836,51.71,65.583,57.458,1.35853484596359,16.1274170135499,82.5140481404865,6.09216389412937,91.0891039031323,8.91089609686768,172851.524715367,78966.8643142346,1.32872661057823,85.1768604269985,3.85818821585897,74.8476440654983,31.2433910195239,432772.0,72.6002375384729,-1.2605056462896,11.27678360439967,12.977966309412354,90.0,71.19999695,8.44785809843673,8.15348687389274,122.42681797345,109.751499246824,601.079604456877,563.69785794814,100.0,100.0,4.866699220000001,0.7789999999999999,1.1679999999999993,-13.872999999999998,1589.75164751879,85.1768604269985,0,0,1
Brunei Darussalam,BRN,2018,95.0,11.2953107512391,129.268175692652,1948.33375208424,100.0,0.17,0.175412931084323,0.04242971199202,8.7,8.7,60.653,66.433,30.809,20.716,8.756,10.109,7.743,51.886,68.289,57.72,1.06078162346131,19.4043526953453,79.5353504991201,4.80454565288006,92.4281136219293,7.57188637807072,165771.589776663,78099.0507802561,0.0523710418528935,93.8980617666778,3.80486552830842,74.8172471714305,27.9285989469629,437810.0,72.6994274907237,1.02505179290212,11.265733181851948,12.989540305290165,94.86669922,90.0,9.49044762600168,8.44785809843673,125.870435240727,122.42681797345,1589.75164751879,601.079604456877,100.0,100.0,0.133300779999999,-0.6160000000000014,2.3659999999999997,-16.403,1948.33375208424,93.8980617666778,0,0,1
Brunei Darussalam,BRN,2019,95.0,12.2424776362158,129.845260684919,10492.9068401554,100.0,0.07,0.149609984839473,8.09397013891129,6.6,6.6,60.517,64.793,20.141,20.092,5.892,7.913,5.742,50.7,69.049,55.057,1.95358268413174,20.7629732715456,77.2834440443227,6.26820275175392,91.0178237519309,8.98217624806913,169846.447864511,80228.1598170527,3.86884436177075,108.509658357959,2.77118007919324,74.7923311783673,27.7715019255456,442680.0,72.7649769585253,-0.390522069165529,11.29262985213981,13.00060244037872,95.0,94.86669922,11.2953107512391,9.49044762600168,129.268175692652,125.870435240727,1948.33375208424,1589.75164751879,100.0,100.0,0.0,-2.0999999999999996,2.1710000000000003,-18.349000000000004,10492.9068401554,108.509658357959,0,0,1
Brunei Darussalam,BRN,2020,96.30549622,15.886760064729,119.933885258067,15399.9517214866,100.0,0.04,2.08888615629109,1.33895704916391,7.409,7.409,59.215,63.954,26.852,21.433,6.508,8.905,6.43,49.621,67.535,54.472,1.3364980477307,23.7151371884433,74.948364763826,6.96413698142095,90.4004198221533,9.60006162527021,172926.261115206,80280.8980640677,1.1335733495246,110.291003658452,4.71057565284031,74.7748108912151,27.4692556634304,447404.0,72.7870926356186,1.94031996607184,11.293286989495284,13.011217268543573,95.0,95.0,12.2424776362158,11.2953107512391,129.845260684919,129.268175692652,10492.9068401554,1948.33375208424,100.0,100.0,1.3054962199999949,0.8090000000000002,2.4749999999999996,-17.913999999999994,15399.9517214866,110.291003658452,1,0,1
Brunei Darussalam,BRN,2021,97.62879944,17.580984722871,133.597065445264,14092.769652064,100.0,0.04,3.83981485000333,1.36091758514108,4.905,4.905,60.761,63.895,16.238,18.679,3.918,6.449,3.883,51.258,69.002,54.791,1.40573688866656,23.566819977675,75.0269799584069,5.3964548566241,92.0713660427696,7.9286339572304,163716.818760828,78248.797127611,-1.59076260099606,147.123112375318,1.47404982867232,74.7667316936175,27.4258937503291,451721.0,72.7380094549616,1.73341388450593,11.267648736113141,13.020820011595893,96.30549622,95.0,15.886760064729,12.2424776362158,119.933885258067,129.845260684919,15399.9517214866,10492.9068401554,100.0,100.0,1.3233032199999997,-2.5039999999999996,2.566,-17.743999999999993,14092.769652064,147.123112375318,1,0,1
Brunei Darussalam,BRN,2022,98.97042579,19.8049937413532,116.108439291126,21094.9337901047,100.0,0.03,2.06431692784789,1.04425960383175,5.191,5.191,60.756,64.083,18.299,20.004,6.631,5.95,4.706,50.505,69.665,53.7,1.51653421258994,21.4708593388149,77.0126064485951,4.47760509577508,92.4874921467649,7.51204927016504,159454.946960478,76357.829114996,-1.62833154515108,146.973965879597,-1.73946797718401,74.7772642014221,31.1925368707703,455370.0,72.6164137035967,3.68225030604216,11.243185847825758,13.028865554289014,97.62879944,96.30549622,17.580984722871,15.886760064729,133.597065445264,119.933885258067,14092.769652064,15399.9517214866,100.0,100.0,1.3416263499999985,0.2859999999999996,1.2439999999999998,-19.160000000000004,21094.9337901047,146.973965879597,0,0,1
Brunei Darussalam,BRN,2023,98.97039795,20.2120497048692,118.673752421293,8774.3954121264,100.0,0.03,10.0946433719743,1.01925056768477,5.296,5.296,61.305,64.733,17.955,16.524,6.138,5.32,5.281,51.911,69.485,54.827,1.27134852951104,20.450034877703,78.2786165927859,4.68981346054319,92.5195202628204,7.48047973717963,158246.477493507,76616.7014884981,1.12764418162719,136.86343465048,-0.37050451622702,74.8199193881365,36.4182725443167,458949.0,72.4645575701849,0.35706431153689,11.246570367060372,13.036694371758275,98.97042579,97.62879944,19.8049937413532,17.580984722871,116.108439291126,133.597065445264,21094.9337901047,14092.769652064,100.0,100.0,-2.783999998712261e-05,0.10500000000000043,0.03900000000000059,-17.573999999999998,8774.3954121264,136.86343465048,0,0,1
Brunei Darussalam,BRN,2024,96.29828801,21.1771240120937,118.130579766209,16128.509404155,100.0,0.06,3.6078393077908,1.06433459453488,5.18,4.871,61.167,64.509,17.872,19.049,5.341,5.216,5.157,51.856,69.29,54.71,1.23655122249443,20.4466042812964,78.3168444962091,4.58117461209955,92.6221936623961,7.37780633760392,163274.360932634,79071.7333801445,4.05251709306727,132.58743952196,0.189449066349964,74.8983133873697,36.4182725443167,462721.0,72.3068843786165,-0.388674165036461,11.278110736920862,13.04487955964431,98.97039795,98.97042579,20.2120497048692,19.8049937413532,118.673752421293,116.108439291126,8774.3954121264,21094.9337901047,100.0,100.0,-2.672109940000013,-0.11600000000000055,0.05900000000000016,-17.434000000000005,16128.509404155,132.58743952196,0,0,1
Indonesia,IDN,2010,10.92,0.925808659546544,85.7838690956097,1.60776063133544,94.2,4.85,7.43671073671215,12.3118145549136,5.614,5.614,62.845,66.583,17.691,26.649,9.878,6.391,5.128,47.715,78.114,50.973,38.7302728008608,18.2976528811745,42.9720752142772,57.2529873177426,40.0530737115133,59.9469253921741,19533.7825833436,8848.22473702066,6.22385418062366,46.7012738758737,2.02517914569356,49.8521375148888,23.4159086398462,246305322.0,66.1962744759531,5.13420639015885,9.08797212319324,19.322082470652692,,,,,,,,,,,,,1.263,-30.399,1.60776063133544,46.7012738758737,0,0,0
Indonesia,IDN,2011,12.28,1.09687683849738,100.134519965107,2.38505601346137,94.8,3.77,7.57331592967626,10.8171407679199,5.153,5.153,63.465,66.913,18.393,25.897,8.304,5.564,4.898,48.152,78.91,50.989,36.8121228894469,19.5975611498535,43.5903168345826,54.1008956470533,42.7780836611014,57.2219154650156,20220.2222998771,9274.96955181702,6.16978420771008,50.1800131841104,2.30298429381592,50.4830017089844,25.027444191823,249470032.0,66.3459439088059,5.35604849112582,9.135074604647285,19.33484935371735,10.92,,0.925808659546544,,85.7838690956097,,1.60776063133544,,94.2,,1.3599999999999994,-0.4610000000000003,0.6660000000000004,-30.757999999999996,2.38505601346137,50.1800131841104,0,0,0
Indonesia,IDN,2012,14.52,1.18045801810675,111.581048999,5.22361576902754,96.0,3.98,5.46828226242823,10.871757163658,4.468,4.468,64.404,67.416,15.673,22.949,5.529,4.784,4.272,49.027,79.904,51.49,35.5604756448204,20.6570209800248,43.7825025272112,51.2865487748644,45.4182856135694,54.5817109946562,20802.9309394067,9708.61182531081,6.03005065305615,49.5828982992627,2.30978031853073,51.1593933105469,29.0425391195214,252698525.0,66.4915446182363,4.2795142691943,9.180768587657385,19.347707735380563,12.28,10.92,1.09687683849738,0.925808659546544,100.134519965107,85.7838690956097,2.38505601346137,1.60776063133544,94.8,94.2,2.24,-0.6849999999999996,0.5119999999999996,-30.876999999999995,5.22361576902754,49.5828982992627,0,0,0
Indonesia,IDN,2013,14.94,1.27096683417948,122.424816798816,7.69974987186659,96.5,3.52,4.53565820370878,9.67606262852233,4.336,4.336,63.863,66.757,15.977,22.888,5.209,4.266,4.379,48.55,79.288,50.714,34.6902320718856,21.0672874224289,44.2424703975957,50.8849119430324,45.8471027988764,54.1528988858054,21813.8602585321,10121.8141535043,5.5572636889101,48.6373726752893,2.55135633401058,51.8307495117188,29.894529174265,255852467.0,66.6471548360078,6.41249457900391,9.22244819095582,19.360111535537463,14.52,12.28,1.18045801810675,1.09687683849738,111.581048999,100.134519965107,5.22361576902754,2.38505601346137,96.0,94.8,0.41999999999999993,-0.13199999999999967,-0.11299999999999955,-30.738,7.69974987186659,48.6373726752893,0,0,0
Indonesia,IDN,2014,17.1431598350566,1.31336301010966,125.767185647597,11.6116741423225,97.0,3.36,4.84418527158996,9.32850761968047,4.049,4.049,63.927,66.624,15.977,22.354,4.956,3.884,4.151,48.674,79.285,50.64,34.0046946767182,21.4982822389039,44.497023084378,50.4491195071174,46.2034380953559,53.7965594162291,22556.1121472951,10504.3869411088,5.006668425755,48.0801755855227,2.81997260412102,52.5002136230469,29.9904910473273,258877399.0,66.8074162395304,6.39492882396559,9.259548252804986,19.371865144657846,14.94,14.52,1.27096683417948,1.18045801810675,122.424816798816,111.581048999,7.69974987186659,5.22361576902754,96.5,96.0,2.203159835056601,-0.2869999999999999,-0.2669999999999999,-30.610999999999997,11.6116741423225,48.0801755855227,0,0,0
Indonesia,IDN,2015,22.062742603379,1.52139473860752,129.468797674053,17.4523036924373,97.5,3.43,4.37032086905134,8.88987824359938,4.514,4.514,63.573,66.578,17.224,22.919,5.444,4.43,4.566,48.522,78.722,50.772,32.7770295687741,22.1218830739339,45.1010964067699,48.2113835792613,48.5006336649618,51.4993646896787,23462.490158459,10893.6621142169,4.87632230022123,41.9376402415294,2.29761639380441,53.1720771789551,32.4590200433758,261799249.0,66.9524898064165,6.36312061196646,9.295936441694023,19.383088542833974,17.1431598350566,14.94,1.31336301010966,1.27096683417948,125.767185647597,122.424816798816,11.6116741423225,7.69974987186659,97.0,96.5,4.9195827683224,0.46499999999999986,-0.13600000000000012,-30.199999999999996,17.4523036924373,41.9376402415294,0,0,0
Indonesia,IDN,2016,25.447353701827,1.9753784545485,145.704251250337,302.667050169382,97.6,3.3,4.16049554657146,7.99860974921307,4.301,4.301,63.462,66.314,15.997,22.479,4.947,3.866,4.574,48.979,78.032,50.949,31.5553329221477,21.8107246597619,46.6339424180905,48.3329217166956,48.3784523093531,51.6215444379389,24358.5988130577,11319.6634287738,5.03306918280177,37.4213418023318,0.487372471368879,53.812557220459,34.8307173410877,264627418.0,67.077798038297,3.52580452815451,9.33429661887468,19.393833424836224,22.062742603379,17.1431598350566,1.52139473860752,1.31336301010966,129.468797674053,125.767185647597,17.4523036924373,11.6116741423225,97.5,97.0,3.3846110984480013,-0.21300000000000008,-0.7079999999999997,-29.052999999999997,302.667050169382,37.52249531168751,0,0,0
Indonesia,IDN,2017,32.335806250688,2.32504234259027,162.782511760443,1267.73606423762,98.1,2.9,3.93537395272136,8.44632702628773,3.783,3.783,64.171,66.694,14.553,21.449,4.209,3.484,3.975,50.133,78.289,51.943,30.5222024429742,22.1220312359547,47.3557647336161,48.4921518603942,48.3136631779167,51.6863392032658,24981.5489612606,11772.5743296107,5.06978590134916,39.3554970704606,2.01948919812582,54.4541015625,35.967012362631,267346658.0,67.1982866155746,3.80879857691949,9.373527895931772,19.404056718813333,25.447353701827,22.062742603379,1.9753784545485,1.52139473860752,145.704251250337,129.468797674053,302.667050169382,17.4523036924373,97.6,97.5,6.888452548861,-0.5180000000000002,-0.4910000000000001,-28.156,1267.73606423762,39.3554970704606,0,0,0
Indonesia,IDN,2018,39.9046386385762,3.28729591276809,118.330216938024,1272.12317710915,98.5,2.81,3.9277963484799,8.21299200751234,4.387,4.387,64.684,67.652,16.369,21.738,5.31,4.184,4.519,50.908,78.534,53.131,29.4464900769988,22.3847562001086,48.1687622744529,49.1211021884397,47.5312498671107,52.4687485780603,25734.2242950276,12262.2310300771,5.17429153955024,43.0743089552002,1.81428979349441,55.0956840515137,36.1494878042588,269951846.0,67.3141002204628,3.19834755924996,9.414279169286644,19.413754152908577,32.335806250688,25.447353701827,2.32504234259027,1.9753784545485,162.782511760443,145.704251250337,1267.73606423762,302.667050169382,98.1,97.6,7.5688323878882,0.6039999999999996,-0.33499999999999996,-27.626000000000005,1272.12317710915,43.0743089552002,0,0,0
Indonesia,IDN,2019,47.6906489788375,3.77422560918071,125.244348145809,1672.32938886525,98.8,2.95,4.17395921733689,8.09206094724751,3.59,3.59,65.789,68.238,13.577,20.547,4.377,3.35,3.747,52.141,79.505,53.949,28.4631336137713,22.4012342408394,49.1356329001475,49.138303631225,47.5775031459638,52.4224968540362,26237.972652883,12757.7850854842,5.01928768046282,37.6277775357108,2.23336204282241,55.7382049560547,37.3230862728703,272489381.0,67.4223673692444,3.03058460941661,9.453896959189267,19.42311020250093,39.9046386385762,32.335806250688,3.28729591276809,2.32504234259027,118.330216938024,162.782511760443,1272.12317710915,1267.73606423762,98.5,98.1,7.786010340261299,-0.7969999999999997,-0.3969999999999998,-27.363999999999997,1672.32938886525,37.6277775357108,0,0,0
Indonesia,IDN,2020,53.72649449,3.92993769121646,129.40362112725,1868.76353333811,97.0,3.27,8.49655036382211,8.4247469855579,4.255,4.255,64.533,67.401,14.773,21.8,4.597,3.773,4.57,51.195,77.94,53.203,29.3087481652973,21.6344047291476,49.0568463452771,50.3136526573599,46.505420538306,53.4945787014161,25884.2787740597,12388.5449268131,-2.06551182934165,32.9721754002427,1.81058402027127,56.2785287648768,38.1650601406923,274814866.0,67.5576712934403,1.91983527270793,9.424527528405674,19.431608214374723,47.6906489788375,39.9046386385762,3.77422560918071,3.28729591276809,125.244348145809,118.330216938024,1672.32938886525,1272.12317710915,98.8,98.5,6.035845511162499,0.665,-0.7970000000000002,-26.744999999999997,1868.76353333811,37.52249531168751,1,0,0
Indonesia,IDN,2021,62.10447842,4.4874632789818,132.199444256099,2189.14677796205,99.2,2.87,12.3137565249866,7.20127970144306,3.827,3.827,63.348,65.868,13.8,22.455,4.43,3.154,4.269,50.427,76.337,52.069,28.9871998196831,21.7614308372694,49.2513693430476,49.9031597347253,46.8746721035605,53.1253255972606,27058.2834906026,12757.0746440204,3.70288562827751,40.2047582749671,1.7878556314554,56.8761702464027,40.6293239880732,276758053.0,67.7378359790672,1.56007882983334,9.453841270741709,19.438654227593986,53.72649449,47.6906489788375,3.92993769121646,3.77422560918071,129.40362112725,125.244348145809,1868.76353333811,1672.32938886525,97.0,98.8,8.37798393,-0.42799999999999994,-1.1150000000000002,-25.910000000000004,2189.14677796205,40.2047582749671,1,0,0
Indonesia,IDN,2022,66.48461277,4.82151507878823,122.873012230307,2496.40884911853,100.0,2.56,10.2226171434399,8.30819306709832,3.462,3.462,64.698,67.018,14.054,22.336,4.097,3.157,3.66,50.903,78.564,52.562,29.2848629874109,21.8679677163131,48.8471685544592,50.2806596863492,46.5551647862799,53.4448337300866,27580.8021477977,13334.2653947637,5.30719722664799,45.4646701959453,1.87264100861425,57.4934704226599,42.3260385456152,278830529.0,67.9012667725156,4.20946463714784,9.498092346592028,19.446114732290518,62.10447842,53.72649449,4.4874632789818,3.92993769121646,132.199444256099,129.40362112725,2189.14677796205,1868.76353333811,99.2,97.0,4.380134349999999,-0.36499999999999977,-0.5030000000000001,-27.660999999999994,2496.40884911853,45.4646701959453,0,0,0
Indonesia,IDN,2023,69.20836554,4.81663955789733,125.238194847046,2722.38990575723,99.4,2.92,8.25334916628966,9.08308687782522,3.308,3.308,65.653,67.899,13.015,21.365,3.571,3.083,3.455,51.838,79.536,53.487,28.7792280576249,21.951549784263,49.2692149419358,50.671641325763,45.95436882353,54.0456311764701,28184.2519612783,13889.9495012858,5.04883117855516,41.4604765447233,1.57116966408747,58.1179353397878,44.8813034886441,281190067.0,68.0168202172248,3.66938654859761,9.538920800125208,19.454541393663803,66.48461277,62.10447842,4.82151507878823,4.4874632789818,122.873012230307,132.199444256099,2496.40884911853,2189.14677796205,100.0,99.2,2.7237527700000044,-0.15400000000000036,-0.3719999999999999,-27.698,2722.38990575723,41.4604765447233,0,0,0
Indonesia,IDN,2024,72.78075544,4.92196685438436,122.514946500491,2939.49021766292,99.9,2.66,9.61906733477208,8.7110437578916,3.301,3.308,65.685,67.927,13.075,21.365,3.571,3.077,3.448,51.94,79.497,53.588,27.9600749776458,22.2861723546005,49.7537526677536,50.3095599926267,46.3180697399496,53.6819338211625,29217.2839080348,14470.7179806578,5.03257477088519,42.809937870822,1.73855290316368,58.7509635387997,44.8813034886441,283487931.0,68.1136017534969,2.18151273615189,9.579882436961107,19.462680108797322,69.20836554,66.48461277,4.81663955789733,4.82151507878823,125.238194847046,122.873012230307,2722.38990575723,2496.40884911853,99.4,100.0,3.5723898999999903,-0.006999999999999673,-0.371,-27.557000000000002,2939.49021766292,42.809937870822,0,0,0
Cambodia,KHM,2010,1.26,0.245960098825397,56.2093511731757,0.689620643821558,31.1,0.09,4.12967525849761,0.15340939623565,0.771,0.771,84.098,84.751,0.964,5.305,2.144,0.794,0.747,80.629,87.927,81.275,54.7856798406129,15.9732644215951,29.2410557377919,57.003354482368,40.1277864103155,59.8722135896845,6614.05591770746,3711.53750580157,5.07691843229247,109.998400607758,10.169807189939,21.1232251168762,12.1998596191406,14500726.0,62.8472808878673,3.99639528107218,8.219201491801321,16.48970927510291,,,,,,,,,,,,,0.04700000000000004,-7.298000000000002,0.689620643821558,109.998400607758,0,0,0
Cambodia,KHM,2011,3.099999905,0.149430290226227,93.4414773928272,1.22261146548731,37.4,0.05,2.61132969295823,0.114782587225893,0.577,0.577,84.946,85.439,0.598,5.104,2.144,0.476,0.678,81.451,88.791,81.841,56.5476625894053,16.4718076152095,26.9805179010436,56.6315771694773,40.4948093687923,59.5051906312077,6867.96824936853,3921.97911563308,7.28665813879552,109.790505166814,9.59845134883877,22.3824788531276,11.4902860215331,14722584.0,63.2302352630489,5.4784474961745,8.274351681814291,16.50489319933731,1.26,,0.245960098825397,,56.2093511731757,,0.689620643821558,,31.1,,1.8399999049999998,-0.19400000000000006,-0.20200000000000007,-7.340000000000003,1.22261146548731,109.790505166814,0,0,0
Cambodia,KHM,2012,4.94,0.198955041072031,127.835438875055,2.94411172636355,42.3,0.25,2.07793819431455,0.259104011781428,0.505,1.279,82.568,82.987,0.678,12.718,2.144,0.495,0.515,77.968,87.617,78.356,53.1992385480892,17.7580846699697,29.0426647890614,56.2800241776482,40.852681848055,59.147318151945,7454.69162850917,4159.16354123446,7.65025657870362,116.740233418212,11.1524912445112,23.9411047582349,12.021585756941326,14945085.0,63.4508648344635,2.93431609293951,8.333069261219022,16.519893041204913,3.099999905,1.26,0.149430290226227,0.245960098825397,93.4414773928272,56.2093511731757,1.22261146548731,0.689620643821558,37.4,31.1,1.8400000950000006,-0.07199999999999995,-0.020000000000000018,-9.649000000000001,2.94411172636355,116.740233418212,0,0,0
Cambodia,KHM,2013,6.0,0.215211287808315,133.580989792625,3.95512045714864,50.9,1.61,1.65781722781466,1.21285515161475,0.438,0.438,79.867,80.219,0.757,6.34,1.5910000000000002,0.518,0.363,74.017,86.274,74.402,49.5226832007277,19.282656377681,31.1946604215913,55.9055748887973,41.2037524020457,58.7962354233688,8162.27643385526,4419.3988680186,7.8574997554252,124.887552768657,10.4430587644193,25.7644735090271,12.55288549234955,15170208.0,63.5353273842827,2.94162509547349,8.393758963111813,16.534844062502962,4.94,3.099999905,0.198955041072031,0.149430290226227,127.835438875055,93.4414773928272,2.94411172636355,1.22261146548731,42.3,37.4,1.0599999999999996,-0.067,0.15500000000000003,-12.257000000000005,3.95512045714864,124.887552768657,0,0,0
Cambodia,KHM,2014,14.0,0.429382210764698,132.832921082419,4.61135619855902,56.1,0.42,1.9449861624108,0.50562837571876,0.692,0.692,79.737,80.293,1.056,6.318,1.038,0.695,0.689,73.873,86.147,74.39,45.9960169105092,23.7681167759175,30.2358663135732,55.5505649063301,41.5470708924719,58.4529291075281,8679.51453828623,4702.73061823207,8.00032074618566,124.454908526693,8.40902020300656,27.8179557823331,13.084185227757775,15396772.0,63.5438832095417,3.85568861424207,8.455898601595665,16.54966843502292,6.0,4.94,0.215211287808315,0.198955041072031,133.580989792625,127.835438875055,3.95512045714864,2.94411172636355,50.9,42.3,8.0,0.25399999999999995,0.006000000000000005,-12.274000000000001,4.61135619855902,124.454908526693,0,0,0
Cambodia,KHM,2015,6.43319107021405,0.534485428160887,133.45841400103,10.1131320235462,62.7,2.18,2.18912916040384,1.53516035451456,0.393,0.393,79.29,79.603,0.744,6.592,0.976,0.457,0.334,73.082,86.066,73.417,42.4684239936853,24.9213861091188,32.6102017562834,55.1735387706775,41.8938512054525,58.106160653635,9205.66598106831,4968.57276699143,7.20703472529512,122.109596815379,7.54029662001984,30.0669222549819,13.615484963166,15623251.0,63.5016253499872,1.22393195511119,8.510887908230153,16.56427081132144,14.0,6.0,0.429382210764698,0.215211287808315,132.832921082419,133.580989792625,4.61135619855902,3.95512045714864,56.1,50.9,-7.56680892978595,-0.29899999999999993,0.123,-12.984000000000009,10.1131320235462,122.109596815379,0,0,0
Cambodia,KHM,2016,32.3984517141849,0.615922622642822,125.627644524442,20.3749456799533,68.8,1.9,1.83235526126561,1.8586809100055,0.716,0.716,81.149,81.735,1.137,6.414,0.914,0.85,0.59,75.272,87.557,75.918,37.5402628887708,25.7634256473618,36.696322866151,54.7909197696648,42.2414196115151,57.7585803884849,9550.82782631716,5283.72964943779,7.90550116130704,122.704555602667,9.32318507305764,32.4767436038024,13.0668189806761,15852803.0,63.4382071107551,3.01913975139128,8.572387500335903,16.57885688807812,6.43319107021405,14.0,0.534485428160887,0.429382210764698,133.45841400103,132.832921082419,10.1131320235462,4.61135619855902,62.7,56.1,25.96526064397085,0.32299999999999995,0.26,-12.284999999999997,20.3749456799533,122.704555602667,0,0,0
Cambodia,KHM,2017,32.9002785437986,0.831393686402579,115.551192369591,54.9355791678311,89.1,1.45,1.44322755832725,1.74238685693004,0.141,0.141,81.294,81.409,0.382,6.46,0.9366666666666666,0.175,0.109,76.283,86.755,76.417,38.206389128721,25.4909057699602,36.3027275126302,54.4251241530486,42.5799405786555,57.4200594213445,10144.0531843308,5632.03125629342,8.07503915535979,121.155451298689,9.49760203098743,35.0127905056235,12.5181529981862,16073372.0,63.387132974116,2.91263557371478,8.636225447590487,16.59267454768711,32.3984517141849,6.43319107021405,0.615922622642822,0.534485428160887,125.627644524442,133.45841400103,20.3749456799533,10.1131320235462,68.8,62.7,0.5018268296136981,-0.575,0.06599999999999999,-10.471999999999994,54.9355791678311,121.155451298689,0,0,0
Cambodia,KHM,2018,65.0,1.02122815035674,119.309943480982,80.98548147835,80.7,1.43,1.19929156674961,1.40927888070578,0.129,0.31999999999999995,81.805,81.911,0.38,8.9215,0.9593333333333334,0.162,0.098,76.721,87.346,76.845,38.999256028288,25.0168550948899,35.9839108164185,54.0217305096052,42.9173670424956,57.0826329575044,10802.0277078006,6050.59088262205,8.77622376224463,118.43765541305,9.69240300027112,37.6404336372742,13.2671737077763,16274522.0,63.3798695709733,2.45908515380146,8.70791121280492,16.605111375427903,32.9002785437986,32.3984517141849,0.831393686402579,0.615922622642822,115.551192369591,125.627644524442,54.9355791678311,20.3749456799533,89.1,68.8,32.0997214562014,-0.011999999999999983,0.064,-10.625,80.98548147835,118.43765541305,0,0,0
Cambodia,KHM,2019,52.305878224498,1.11871609188205,129.957441474291,159.332052852129,84.0,0.81,1.42988324147289,1.19402155927369,0.119,0.499,82.324,82.422,0.378,11.383,0.982,0.151,0.088,77.172,87.934,77.289,39.8680962570644,24.4731410912226,35.658762651713,53.6343183294795,43.268549086575,56.731450913425,11406.4617876745,6448.88455952805,7.93695013588524,115.736679072448,9.98500044202808,39.5830241256026,12.9409846754696,16481304.0,63.4032719741108,1.94257500833107,8.771662458327297,16.61773720552888,65.0,32.9002785437986,1.02122815035674,0.831393686402579,119.309943480982,115.551192369591,80.98548147835,54.9355791678311,80.7,89.1,-12.694121775501998,-0.010000000000000009,0.063,-10.762,159.332052852129,115.736679072448,0,0,0
Cambodia,KHM,2020,56.37590027,1.39770029835926,126.075894769858,188.455047671594,86.4,0.85,4.6866974974797,2.28307484240574,0.172,0.172,82.097,82.238,0.474,5.692,0.982,0.209,0.136,76.929,87.713,77.09,36.8999777254893,25.1450484861575,37.9549737883533,53.7591195524134,43.0512930839546,56.9487174827013,10831.4792987836,6128.78243783335,-3.55572193406549,122.105396346568,10.410239809326,39.832658030922,13.8767573747135,16725474.0,63.483461320243,2.9402951426397,8.72075138568378,16.63244350438415,52.305878224498,65.0,1.11871609188205,1.02122815035674,129.957441474291,119.309943480982,159.332052852129,80.98548147835,84.0,80.7,4.070022045502,0.05299999999999999,0.07299999999999998,-10.783999999999992,188.455047671594,122.105396346568,1,0,0
Cambodia,KHM,2021,60.76269913,1.98089406311481,117.234785164989,166.36910907398,82.5,1.01,12.9884228451231,2.98063279368018,0.396,0.396,79.195,79.51,0.83,6.188,0.982,0.416,0.378,73.404,85.475,73.711,37.1315873016896,26.4143976143543,36.4540258308825,53.347560114545,43.4220964975122,56.5779035024878,11356.7801844852,6225.53265474741,3.08984284148661,146.179846509715,9.4684591111041,40.1091858128847,13.5005634857238,16974305.0,63.6239992263601,2.92073477592949,8.736414284699956,16.647211288008272,56.37590027,52.305878224498,1.39770029835926,1.11871609188205,126.075894769858,129.957441474291,188.455047671594,159.332052852129,86.4,84.0,4.386798859999999,0.22400000000000003,0.03799999999999998,-12.070999999999998,166.36910907398,146.179846509715,1,0,0
Cambodia,KHM,2022,65.49079895,2.9638308346303,113.391506572248,183.469982427343,92.3,3.36,5.15328142741937,6.56222598236463,0.245,0.326,82.137,82.338,0.687,6.2515,0.982,0.236,0.253,76.991,87.704,77.173,36.1906415430912,27.0439382363786,36.765430397567,53.0609368327681,43.6979826265789,56.3020173734211,11306.1407777986,6458.3681488084,5.12990110773977,145.873632761406,8.94830125779534,40.374616187368,14.6069513022825,17201724.0,63.7786295076769,5.34370264895437,8.773131956322144,16.660520169318875,60.76269913,56.37590027,1.98089406311481,1.39770029835926,117.234785164989,126.075894769858,166.36910907398,188.455047671594,82.5,86.4,4.728099819999997,-0.15100000000000002,-0.017000000000000015,-10.712999999999994,183.469982427343,145.873632761406,0,0,0
Cambodia,KHM,2023,68.92549896,3.64181801068419,120.80911943838,223.199425156739,95.0,1.29,5.69796876284964,12.9853431148883,0.256,0.256,82.137,82.348,0.703,6.315,0.982,0.208,0.301,77.059,87.62,77.22,35.304617697339,27.5630254285235,37.1323568741375,52.8614074933367,43.9436031678253,56.0563968321747,11663.2362656994,6695.29194763723,5.00733043811898,134.206842395931,9.35096701989758,40.6290788072508,17.4362364390629,17423880.0,63.9282563950091,2.12746796594194,8.809159863991137,16.67335223707882,65.49079895,60.76269913,2.9638308346303,1.98089406311481,113.391506572248,117.234785164989,183.469982427343,166.36910907398,92.3,82.5,3.4347000100000002,0.01100000000000001,-0.093,-10.561000000000007,223.199425156739,134.206842395931,0,0,0
Cambodia,KHM,2024,68.47530365,4.14566160137529,116.091961125929,817.289111657873,99.2,1.46,6.32032986261648,5.26214140574212,0.254,0.256,82.165,82.373,0.704,6.315,0.982,0.206,0.298,77.14,87.58,77.299,34.1649557689114,28.4335285509441,37.4015058521057,52.5935263291712,44.2114074254182,55.7886024026216,12154.8499765339,7011.58146903703,6.0158145735202,143.447009703011,9.48089832015712,40.8727033252729,21.4437426836662,17638801.0,64.0431502130771,0.808042016536654,8.85531855644414,16.685611635711275,68.92549896,65.49079895,3.64181801068419,2.9638308346303,120.80911943838,113.391506572248,223.199425156739,183.469982427343,95.0,92.3,-0.450195309999998,-0.0020000000000000018,-0.092,-10.439999999999998,817.289111657873,143.447009703011,0,0,0
Lao PDR,LAO,2010,7.0,0.0929084268653597,63.2029110570342,0.473619848081698,70.2,0.08,5.33455790712213,6.32582354738959,0.708,0.708,60.253,60.682,1.578,5.123,2.12,0.658,0.752,56.518,63.977,56.892,78.9313350702977,5.40226079553516,15.6664041341671,82.3803129414813,16.8829646568193,83.1170353431807,12885.078920744,4946.10563678173,8.52690551739717,84.7203378916677,3.90935018167503,30.6468600890172,16.6638298034668,6334194.0,59.9268352058683,5.98254521550082,8.506355805876277,15.661473133966593,,,,,,,,,,,,,-0.09399999999999997,-7.458999999999996,0.473619848081698,84.7203378916677,0,0,0
Lao PDR,LAO,2011,9.0,0.10185806158476,85.2839686365553,0.933621096102287,70.0,0.03,5.64507716132923,8.16197281416912,0.96,0.9675999999999999,59.966,60.547,2.022,5.4546,2.7094,0.911,1.002,56.215,63.709,56.731,77.8861685808788,5.6034953181375,16.5103361009837,81.8062795070503,17.4082887753298,82.5917112246702,13631.4528723388,5266.87866924206,8.03865268023725,91.6986958680216,3.43702755895922,31.2146877128668,17.4954696423161,6426590.0,60.5671281348273,7.5689885610998,8.569193183190347,15.675954628946826,7.0,,0.0929084268653597,,63.2029110570342,,0.473619848081698,,70.2,,2.0,0.252,-0.09099999999999997,-7.494,0.933621096102287,91.6986958680216,0,0,0
Lao PDR,LAO,2012,10.74769974,0.116245215124211,65.961259571669,1.84077933688379,76.4,0.0,5.34034457741979,8.77232288985581,1.208,1.2271999999999998,59.681,60.411,2.468,5.7862,3.2988,1.161,1.249,55.923,63.432,56.58,76.7224463281187,5.8239100259252,17.4536436459561,81.2324442154023,17.9232985228756,82.0767014771244,14439.4174855704,5608.96956337059,8.02609843461283,98.1851264313662,6.06067602678934,31.7422801040872,17.330766926856,6518978.0,61.1389085835234,4.2551267783209,8.632122303102205,15.690228173150253,9.0,7.0,0.10185806158476,0.0929084268653597,85.2839686365553,63.2029110570342,0.933621096102287,0.473619848081698,70.0,70.2,1.7476997399999998,0.248,-0.08800000000000008,-7.509,1.84077933688379,98.1851264313662,0,0,0
Lao PDR,LAO,2013,12.5,0.136506949754098,69.7677113040611,2.57132204522956,79.3,0.28,5.01392729525866,9.813602077611,1.469,1.4867999999999997,59.387,60.272,2.937,6.1178,3.8882000000000003,1.423,1.51,55.634,63.133,56.437,75.4309691431327,6.016877823616,18.5521530332513,80.8366103077468,18.3931989357054,81.6068010642946,15313.6289504653,5974.47368943414,8.02630022699017,98.1791466159604,5.68624628337024,32.2264033448341,18.9224448772621,6611385.0,61.6652381963263,6.37142717782947,8.695251287469608,15.704303720892927,10.74769974,9.0,0.116245215124211,0.10185806158476,65.961259571669,85.2839686365553,1.84077933688379,0.933621096102287,76.4,70.0,1.7523002600000002,0.2610000000000001,-0.08699999999999997,-7.499000000000002,2.57132204522956,98.1791466159604,0,0,0
Lao PDR,LAO,2014,14.26000023,0.240468243989562,68.9014991708403,3.28202826960132,82.5,6.91,5.04615784365315,24.994342418799,1.733,1.7463999999999997,59.098,60.14,3.414,6.4494,4.477600000000001,1.687,1.773,55.361,62.828,56.311,74.1921527435539,6.16148490182741,19.6463623546187,80.4325885617527,18.8598238476708,81.1401761523292,16188.6769443906,6341.2122967032,7.61196343979319,99.0597382933399,6.53385086120159,32.6638235172635,18.4954952643985,6703172.0,62.1691538102524,4.12924306873771,8.754825243143248,15.71809140516305,12.5,10.74769974,0.136506949754098,0.116245215124211,69.7677113040611,65.961259571669,2.57132204522956,1.84077933688379,79.3,76.4,1.7600002299999993,0.264,-0.08599999999999985,-7.467000000000006,3.28202826960132,99.0597382933399,0,0,0
Lao PDR,LAO,2015,18.20000076,0.213918838751508,54.7979496136596,4.11665119246888,89.7,9.64,4.06354625818498,35.1801655460758,2.006,2.006,58.812,60.016,3.899,6.781,5.067,1.961,2.046,55.1,62.518,56.202,72.9649532307863,6.27582116644838,20.7592256027653,79.9914931027485,19.3301267722391,80.669873227761,17072.3989851881,6703.74124348885,7.27006584373785,85.798321703681,7.47075777292731,33.1240204432199,18.1574846273063,6801645.0,62.6351152820299,1.27735427102992,8.810421044085407,15.732675052655107,14.26000023,12.5,0.240468243989562,0.136506949754098,68.9014991708403,69.7677113040611,3.28202826960132,2.57132204522956,82.5,79.3,3.9400005300000025,0.2729999999999997,-0.08499999999999974,-7.417999999999999,4.11665119246888,85.798321703681,0,0,0
Lao PDR,LAO,2016,21.87000084,0.353548994456637,57.2966195875928,8.25034499468938,89.0,9.97,3.54456555003409,33.5741001661276,2.634,2.6369999999999996,58.32,59.898,4.836,16.2905,5.1235,2.351,2.883,54.787,61.849,56.106,71.8509145672025,6.37590963228787,21.7731758005097,79.4815493339898,19.8028695696533,80.1971304303467,18038.8198154253,7063.25545347926,7.02283625501138,75.0918909204124,5.87774436155716,33.8267455533474,17.0880719461771,6908802.0,63.0378564157826,1.59691227583204,8.86266133659847,15.748306808788456,18.20000076,14.26000023,0.213918838751508,0.240468243989562,54.7979496136596,68.9014991708403,4.11665119246888,3.28202826960132,89.7,82.5,3.6700000799999977,0.6280000000000001,-0.532,-7.061999999999998,8.25034499468938,75.0918909204124,0,0,0
Lao PDR,LAO,2017,25.51040077,0.387808918792952,52.8887895907566,16.2436039028536,93.6,7.82,3.07938868917761,37.9504484411561,3.268,3.268,57.829,59.782,5.779,25.8,5.18,2.744,3.73,54.483,61.172,56.02,70.5291019202622,6.51502934586047,22.9559052518719,78.9678261860315,20.31046868655,79.68953131345,19048.4186088203,7432.4596330485,6.8925308726989,75.0918909204124,9.87799160512334,34.5115346444216,15.4112577339384,7018147.0,63.3704452186596,0.825478607568026,8.91361212371704,15.76400978104443,21.87000084,18.20000076,0.353548994456637,0.213918838751508,57.2966195875928,54.7979496136596,8.25034499468938,4.11665119246888,89.0,89.7,3.640399930000001,0.6339999999999999,-0.9859999999999998,-6.689,16.2436039028536,75.0918909204124,0,0,0
Lao PDR,LAO,2018,36.27130127,0.636626171692238,51.3792491489602,20.201892664819,92.9,7.63,2.64144327635524,38.0167390499275,2.897,2.8562,59.222,60.989,5.128,25.1418,4.7032,2.404,3.331,55.694,62.749,57.066,69.8638841171341,6.79373611797991,23.342344814088,78.5131930524803,20.7493101586242,79.2506898413758,19370.0974411486,7775.08574451883,6.24796000755872,75.0918909204124,7.4856486219066,35.2050070032013,14.4969749098337,7128045.0,63.6499839717622,2.04039266890201,8.958679765220557,15.779547561244168,25.51040077,21.87000084,0.387808918792952,0.353548994456637,52.8887895907566,57.2966195875928,16.2436039028536,8.25034499468938,93.6,89.0,10.760900500000002,-0.371,-0.927,-7.055,20.201892664819,75.0918909204124,0,0,0
Lao PDR,LAO,2019,47.03229904,1.0539352904733,64.0668582946144,30.9493320747272,98.4,5.95,2.83255470560799,20.6094637307639,2.531,2.4444,60.633,62.207,4.472,24.4836,4.2264,2.067,2.938,56.924,64.343,58.125,69.3587576077181,7.00855639208981,23.6326860001921,78.1073781518287,21.1591881218011,78.8408118781989,19562.9249785157,8075.27502377003,5.4577350924848,75.0918909204124,4.03149139231071,35.9072880879451,13.7404020217342,7237636.0,63.9017051908735,3.32255881256925,8.996562206182086,15.794805191705837,36.27130127,25.51040077,0.636626171692238,0.387808918792952,51.3792491489602,52.8887895907566,20.201892664819,16.2436039028536,92.9,93.6,10.760997769999996,-0.36599999999999966,-0.871,-7.419000000000004,30.9493320747272,75.0918909204124,0,0,0
Lao PDR,LAO,2020,54.0,1.67210846259045,63.1139885984314,52.2695535431475,99.3,4.48,10.7570323535706,23.1554473691925,2.349,2.0326,61.434,62.912,4.237,23.825400000000002,3.7495999999999996,1.805,2.824,57.621,65.251,58.68,69.9552282806947,6.9752200520285,23.0695516672768,77.8490784865733,21.3903206264153,78.6096793735847,19029.649145638,7995.59502527818,0.503031829018681,75.0918909204124,5.09807193491087,36.6185033569111,12.561911777868,7346533.0,64.1514210955985,5.10407262959919,8.98664604717387,15.809739059222984,47.03229904,36.27130127,1.0539352904733,0.636626171692238,64.0668582946144,51.3792491489602,30.9493320747272,20.201892664819,98.4,92.9,6.967700960000002,-0.18199999999999994,-1.019,-7.630000000000003,52.2695535431475,75.0918909204124,1,0,0
Lao PDR,LAO,2021,62.0,2.0226898696049,64.7101497693472,82.246618027117,100.0,2.97,33.0411466544932,7.28644637663924,2.08,1.6208,63.274,64.618,3.326,23.1672,3.2727999999999997,1.569,2.529,59.377,67.177,60.323,69.8577324066029,7.09983537042888,23.0424322229682,77.3729365768897,21.8185397085538,78.1814602914462,18580.8683183627,8080.43553249923,2.52835100486102,75.0918909204124,5.69344695957329,37.338778268357,12.4396649191011,7453194.0,64.4114834802021,3.75562036658877,8.997201052599484,15.824153223311725,54.0,47.03229904,1.67210846259045,1.0539352904733,63.1139885984314,64.0668582946144,52.2695535431475,30.9493320747272,99.3,98.4,8.0,-0.26900000000000013,-0.96,-7.800000000000004,82.246618027117,75.0918909204124,1,0,0
Lao PDR,LAO,2022,64.54000092,2.38186047453058,63.3546046458219,273.977785706509,100.0,1.89,5.50544226613756,9.51767783297326,1.209,1.209,65.203,66.001,2.184,22.509,2.796,0.887,1.489,60.825,69.59,61.37,69.5659733337719,7.17840668729181,23.2556199789363,77.1092946471943,22.083781461221,77.9161891693926,18166.6589931202,8183.03286472653,2.70742652643155,75.0918909204124,4.69509225789707,38.0682382805397,13.677811550152,7559007.0,64.6659829349289,22.9562225132056,9.009818126739106,15.838250390322305,62.0,54.0,2.0226898696049,1.67210846259045,64.7101497693472,63.1139885984314,82.246618027117,52.2695535431475,100.0,99.3,2.540000919999997,-0.871,-0.6020000000000001,-8.765,273.977785706509,75.0918909204124,0,0,0
Lao PDR,LAO,2023,64.39800262,2.72021122524182,64.7588066942788,274.103316206551,96.5,2.62,7.55797049542745,7.41963729583454,1.186,1.209,65.208,65.99,2.176,22.509,2.796,0.871,1.461,60.873,69.554,61.407,69.3876980673051,7.24890970605785,23.3633634152757,76.9069957462894,22.3386649733264,77.6613350266736,18488.9436626731,8372.15591874407,3.74568140158232,75.0918909204124,11.2425630959408,38.8070088517156,14.8841695785522,7664993.0,64.9068606394592,31.2301341732646,9.032666707227165,15.852174157045626,64.54000092,62.0,2.38186047453058,2.0226898696049,63.3546046458219,64.7101497693472,273.977785706509,82.246618027117,100.0,100.0,-0.14199829999999736,-0.02300000000000013,-0.5900000000000001,-8.681000000000004,274.103316206551,75.0918909204124,0,0,0
Lao PDR,LAO,2024,65.59269714,2.72021122524182,64.7588066942788,301.680129228236,96.5,2.62,3.50871084727487,7.41963729583454,1.174,1.209,65.215,65.989,2.178,22.509,2.796,0.863,1.446,60.935,69.507,61.466,68.9120737008234,7.39985422237704,23.6880438034049,76.6380615308234,22.6043245853565,77.3956754146435,18893.0512079567,8600.3245466568,4.13019264438475,75.0918909204124,5.98958863567394,39.5552154401406,14.8841695785522,7769819.0,65.1358094699503,23.1305695942588,9.059555219512887,15.865757427349209,64.39800262,64.54000092,2.72021122524182,2.38186047453058,64.7588066942788,63.3546046458219,274.103316206551,273.977785706509,96.5,100.0,1.1946945199999988,-0.01200000000000001,-0.583,-8.572000000000003,301.680129228236,75.0918909204124,0,0,0
Myanmar,MMR,2010,0.25,0.0468134407079318,1.21164199479353,0.0203980133803624,48.8,0.02,6.1488447961075,0.00268127279743683,0.725,3.868,64.896,65.37,1.504,28.457,8.962,0.861,0.634,51.231,78.859,51.675,51.9488751807357,19.1535803370743,28.8975532430104,65.2948478098803,31.8520115259101,68.1479884740898,8361.82787465735,3893.79030665874,9.6344394520444,97.35936924971284,1.81897202342465,29.1415329218024,14.3246002197266,49024382.0,66.5104681992728,7.71838195873614,8.267138334112039,17.70782832415387,,,,,,,,,,,,,0.22699999999999998,-27.627999999999993,0.05956280933976923,97.35936924971284,0,0,0
Myanmar,MMR,2011,0.98,0.0443101573417305,2.51643773692417,0.0202347964844874,54.1,0.03,6.1488447961075,0.201949573625045,0.749,3.868,64.785,65.274,1.533,28.457,8.962,0.889,0.657,51.074,78.799,51.532,52.2255247233107,18.2959614030452,29.4784965520771,64.8273974913864,32.3020027717975,67.6980058889871,8728.51845243698,4078.61220919965,5.59148237823661,100.74460051741781,4.20127651183029,29.2724765136213,14.3246002197266,49419820.0,66.8368460265537,5.0214601462073,8.313512064731835,17.715862116268003,0.25,,0.0468134407079318,,1.21164199479353,,0.0203980133803624,,48.8,,0.73,0.02400000000000002,0.23199999999999998,-27.72500000000001,0.05956280933976923,100.74460051741781,0,0,0
Myanmar,MMR,2012,1.399999976,0.04934223255858085,7.48356366415727,0.10032616839956,55.3,0.01,6.1488447961075,1.01357200229777,0.768,3.868,64.644,65.144,1.555,28.457,8.962,0.909,0.674,50.879,78.717,51.346,52.2790733479251,17.6929619630393,30.0279646890356,64.4436589419547,32.6769406795912,67.3230550389635,9262.63174859952,4340.99945069174,7.33267044704149,107.4626799247891,2.22540068514517,29.3956289363345,13.7377004623413,49837446.0,67.1575927064962,1.46758322674679,8.375859888760019,17.724277187149717,0.98,0.25,0.0443101573417305,0.0468134407079318,2.51643773692417,1.21164199479353,0.0202347964844874,0.0203980133803624,54.1,48.8,0.41999997599999994,0.019000000000000017,0.235,-27.838,0.10032616839956,107.4626799247891,0,0,0
Myanmar,MMR,2013,1.799999952,0.0543743077754312,13.5933519472846,0.179059372466932,56.5,0.06,2.92085376777799,0.268343903272684,0.775,3.868,64.487,64.991,1.57,28.457,8.962,0.918,0.681,50.67,78.618,51.14,52.1571358946131,17.2545632474144,30.5883008579725,64.0888560084288,33.0247275363595,66.9752682288932,9933.54953080745,4666.95376141392,8.42600102501767,111.5333496923087,3.74085607932619,29.5103946237239,14.843472003936768,50262658.0,67.4581949830249,5.64303883425501,8.448261838339972,17.732772973679367,1.399999976,0.98,0.04934223255858085,0.0443101573417305,7.48356366415727,2.51643773692417,0.10032616839956,0.0202347964844874,55.3,54.1,0.39999997600000015,0.007000000000000006,0.237,-27.947999999999993,0.179059372466932,111.5333496923087,0,0,0
Myanmar,MMR,2014,7.400000095,0.05940638299228155,57.2778336231227,0.730047496100856,52.0,0.01,6.07246569800072,0.62703149028518,0.763,3.868,64.346,64.84,1.575,28.457,8.962,0.905,0.67,50.49,78.522,50.951,52.1713288544488,16.8272696611089,31.0014014844423,63.7347654032358,33.3700065570199,66.6299976327692,10631.0086905412,5006.50667149767,8.16990745558277,111.75732341001645,3.31904421407388,29.6164342116462,15.949243545532234,50681634.0,67.6970652494853,4.953299184844,8.518493679714167,17.741074154412857,1.799999952,1.399999976,0.0543743077754312,0.04934223255858085,13.5933519472846,7.48356366415727,0.179059372466932,0.10032616839956,56.5,55.3,5.600000143,-0.01200000000000001,0.235,-28.032000000000004,0.730047496100856,111.75732341001645,0,0,0
Myanmar,MMR,2015,10.89999962,0.0644384582091319,80.2397229653255,1.07655150253706,60.5,0.04,9.35853136155344,0.469787769200266,0.766,0.766,64.216,64.711,1.588,18.62,6.848333333333333,0.908,0.672,50.338,78.42,50.799,51.6899994587835,16.7657106764191,31.5442898647975,63.4197974763633,33.680310493222,66.319693654031,11258.9362797876,5313.88615901476,6.99284029026121,103.95395925953,6.85124098710894,29.7166821191682,17.0550150871277,51089056.0,67.8674858258047,9.45417189526018,8.57807870324775,17.749080863939174,7.400000095,1.799999952,0.05940638299228155,0.0543743077754312,57.2778336231227,13.5933519472846,0.730047496100856,0.179059372466932,52.0,56.5,3.499999524999999,0.0030000000000000027,0.236,-28.082,1.07655150253706,103.95395925953,0,0,0
Myanmar,MMR,2016,16.0,0.174162128034933,98.2342601991436,21.1085602183142,55.6,1.64,5.79101641254259,7.53383676615383,1.058,1.061,62.707,63.378,2.551,17.603,4.734666666666667,1.353,0.867,48.564,77.189,49.229,51.5439005791487,16.2117313875149,32.2443680333365,63.1710927817521,33.9135996809304,66.0864045155862,12060.704035147,5580.98977273232,5.86247291518572,98.8982232615397,5.17880132517466,29.8129165582094,18.160786628723166,51495696.0,68.0094410220225,6.92882525816076,8.627121418271493,17.75700878932603,10.89999962,7.400000095,0.0644384582091319,0.05940638299228155,80.2397229653255,57.2778336231227,1.07655150253706,0.730047496100856,60.5,52.0,5.100000380000001,0.29200000000000004,0.486,-28.624999999999993,21.1085602183142,98.8982232615397,0,0,0
Myanmar,MMR,2017,23.621081950267,0.214986286331048,92.3917955157784,10.1936724541419,69.8,0.19,2.95511296025311,6.02870411336858,1.356,1.356,61.182,62.023,3.586,16.586,2.621,1.811,1.067,46.796,75.918,47.659,51.3367756648574,15.7039131256502,32.9593197113155,62.9396632462135,34.1292484456968,65.870747303392,12966.671739003,5877.87465558175,6.13610824360305,98.1236711095507,7.27335555212816,29.9051727703437,19.266558170318635,51894938.0,68.1401536697086,4.5725365531752,8.678950522420388,17.764731809660706,16.0,10.89999962,0.174162128034933,0.0644384582091319,98.2342601991436,80.2397229653255,21.1085602183142,1.07655150253706,55.6,60.5,7.621081950267001,0.29800000000000004,0.744,-29.122000000000007,10.1936724541419,98.1236711095507,0,0,0
Myanmar,MMR,2018,29.37899971,0.246880529164931,116.972136284863,9.4505216123577,66.1,0.6,1.41233157352121,4.51638176248917,0.767,0.767,61.883,62.361,1.843,12.786,2.132,0.971,0.635,47.968,76.142,48.438,48.9375237522185,17.0167741424896,34.0457021052919,61.8662706505316,33.8969466602328,66.1030574963405,13473.7165119172,6201.26341429803,6.26886221471075,96.7647731667312,2.60563229851106,29.993574050729,20.3723297119141,52272247.0,68.2443282784871,6.87232865662935,8.732508326773255,17.77197613809496,23.621081950267,16.0,0.214986286331048,0.174162128034933,92.3917955157784,98.2342601991436,10.1936724541419,21.1085602183142,69.8,55.6,5.757917759732997,-0.5890000000000001,0.33599999999999997,-28.173999999999992,9.4505216123577,96.7647731667312,0,0,0
Myanmar,MMR,2019,36.54050064,0.92296052297012,155.669416939698,12.5948142077787,68.3,0.59,2.24040290360038,2.75051999089837,0.407,0.407,60.255,60.502,1.313,13.782,0.754,0.478,0.362,46.068,74.799,46.289,49.7566078402761,16.6405595636955,33.6028325960284,63.0863742673827,34.4600297054035,65.5399702945965,14595.4994379377,6562.98898478625,6.57911006765414,95.4142849964302,2.31211211194364,30.0782436945232,20.3723297119141,52640713.0,68.3076557112743,8.82506696804558,8.789201416091428,17.779000389722434,29.37899971,23.621081950267,0.246880529164931,0.214986286331048,116.972136284863,92.3917955157784,9.4505216123577,10.1936724541419,66.1,69.8,7.161500929999999,-0.36000000000000004,0.11599999999999999,-28.73100000000001,12.5948142077787,95.4142849964302,0,0,0
Myanmar,MMR,2020,45.4477005,1.29924592186564,148.158208114821,14.4294640829136,70.4,0.58,2.24040290360038,3.17252493795944,1.476,1.476,59.263,60.151,4.955,15.02,0.78,2.174,1.054,43.753,75.172,44.726,46.4675606772375,18.5772975274998,34.955133291378,63.2020972622548,34.27603722848,65.7239712754055,13360.4995744934,5926.83450206681,-9.04834717984643,98.5986436334902,2.41393222885654,30.1593049968842,20.3723297119141,53016522.0,68.3464361199178,8.82506696804558,8.687245538682758,17.786114158785928,36.54050064,29.37899971,0.92296052297012,0.246880529164931,155.669416939698,116.972136284863,12.5948142077787,9.4505216123577,68.3,66.1,8.907199860000006,1.069,1.1199999999999999,-31.418999999999997,14.4294640829136,98.5986436334902,1,0,0
Myanmar,MMR,2021,45.4477005,1.67276170937317,127.240645128106,12.6622344101015,72.5,0.56,2.24040290360038,5.06936843360325,4.34,1.476,52.796,55.191,12.818,15.02,0.78,5.03,3.923,38.978,66.981,41.042,46.5899395765067,18.4501769325382,34.9598787644986,62.636150327052,34.7824761493515,65.2175238506485,13066.7803993776,5178.44718217164,-12.0163724829177,110.6358687150637,3.11492561696787,30.2368812529698,20.3723297119141,53387102.0,68.3772458748557,8.82506696804558,8.55226051853145,17.793079739175482,45.4477005,36.54050064,1.29924592186564,0.92296052297012,148.158208114821,155.669416939698,14.4294640829136,12.5948142077787,70.4,68.3,0.0,2.864,1.1070000000000002,-28.002999999999993,12.6622344101015,110.6358687150637,1,1,0
Myanmar,MMR,2022,45.4477005,2.09694638185872,107.535089476237,14.8260348967657,73.7,0.17,2.24040290360038,2.61457839564408,3.063,1.476,53.527,55.218,10.148,15.02,0.78,3.734,2.657,39.538,67.902,41.071,45.8193782127211,18.9517852035284,35.2288458177807,62.7382656719031,34.6799457556151,65.3200542443849,13279.6501822249,5350.47666899931,4.0374934360085,110.48276184090919,1.98946076080719,30.311095757938,20.3723297119141,53756787.0,68.3947473609728,8.82506696804558,8.584940932930367,17.79998048676813,45.4477005,45.4477005,1.67276170937317,1.29924592186564,127.240645128106,148.158208114821,12.6622344101015,14.4294640829136,72.5,70.4,0.0,-1.2769999999999997,1.077,-28.364000000000004,14.8260348967657,110.48276184090919,0,1,0
Myanmar,MMR,2023,45.4477005,2.79829802446154,121.027626770248,20.1722406397571,76.8,0.68,2.24040290360038,2.94631414241606,2.977,1.476,53.549,55.192,10.069,15.02,0.78,3.633,2.58,39.56,67.937,41.051,45.2453969645892,18.7442239550243,36.0103699401709,62.8150740990455,34.6023441637733,65.3976558362267,13270.6471501195,5364.13797034429,0.958446625126115,104.6493666581717,2.27715131661601,30.3820718069466,20.3723297119141,54133798.0,68.3951241366357,8.82506696804558,8.58749096561147,17.806969280730744,45.4477005,45.4477005,2.09694638185872,1.67276170937317,107.535089476237,127.240645128106,14.8260348967657,12.6622344101015,73.7,72.5,0.0,-0.0860000000000003,1.053,-28.376999999999995,20.1722406397571,104.6493666581717,0,1,0
Myanmar,MMR,2024,45.4477005,2.86965759378273,114.329042129489,23.596290875918,80.4,0.97,2.24040290360038,5.19991999790977,2.887,1.476,53.537,55.129,9.967,15.02,0.78,3.529,2.5,39.514,67.971,40.959,45.3568178680874,18.1296238420573,36.5135582898552,62.8809350494971,34.5370004234963,65.4629995765036,13019.135214853,5276.29433987853,-0.97204641363362,109.2694503117117,1.47879223317634,30.4499084074136,20.3723297119141,54500091.0,68.3950435972666,8.82506696804558,8.570979300734182,17.81371292935685,45.4477005,45.4477005,2.79829802446154,2.09694638185872,121.027626770248,107.535089476237,20.1722406397571,14.8260348967657,76.8,73.7,0.0,-0.08999999999999986,1.029,-28.457,23.596290875918,109.2694503117117,0,1,0
Malaysia,MYS,2010,56.3,7.32068815724969,118.156632715164,44.2144718049164,99.5,32.68,6.14094909602239,49.6090958943542,3.32,3.252,59.557,61.602,10.871,14.37,3.231,3.506,3.22,43.222,74.639,44.792,13.302480600085,27.6126866890139,59.0848327109011,23.7573337175695,72.7444935726092,27.2555064273907,54310.3178584915,23307.9698543785,7.42484738326097,157.944764886771,4.26864663854031,70.8625314831025,36.6774305573553,28655776.0,67.1104759628482,1.62285235577035,10.056550634902703,17.17086558638999,,,,,,,,,,,,,0.2859999999999996,-31.416999999999994,44.2144718049164,157.944764886771,0,0,0
Malaysia,MYS,2011,61.0,8.59576382844835,125.715832147402,56.580405780268,99.5,28.16,6.23398361307006,47.4089039264371,3.05,3.055,60.048,61.937,9.821,14.37,3.396,3.316,2.906,43.793,75.009,45.295,11.8772375176897,28.4457123438212,59.6770501384891,23.6315615169377,72.858767844093,27.141232155907,55321.8431685699,24115.8181203958,5.29391283414003,154.937684607226,5.07446032143377,71.4245166681964,35.5661790570975,29162039.0,67.5007412890436,3.1744709215131,10.09062325771636,17.188378387214307,56.3,,7.32068815724969,,118.156632715164,,44.2144718049164,,99.5,,4.700000000000003,-0.27,0.4099999999999997,-31.216,56.580405780268,154.937684607226,0,0,0
Malaysia,MYS,2012,65.8,9.84700347717991,139.314753874976,99.3836360393248,99.8,26.73,7.2055140762429,47.5749674208281,3.04,3.035,61.038,62.952,10.137,13.95,2.975,3.163,2.972,45.542,75.251,47.029,13.2511492495976,27.5753121325756,59.1735461809185,23.5472548775513,72.9429033468647,27.0570966531353,56100.2655690344,25006.3587781537,5.47345419253853,147.841754766013,2.82905738174529,71.9680127926087,36.825516807355,29662831.0,67.7884774383133,1.66357102479206,10.126885422634722,17.205405338534526,61.0,56.3,8.59576382844835,7.32068815724969,125.715832147402,118.156632715164,56.580405780268,44.2144718049164,99.5,99.5,4.799999999999997,-0.009999999999999787,0.19099999999999984,-29.709000000000003,99.3836360393248,147.841754766013,0,0,0
Malaysia,MYS,2013,57.05751226,9.73942530166021,142.522112800428,119.439529015868,99.6,26.7,6.7874400390478,48.4707442408569,3.14,3.113,61.955,63.964,10.072,13.65,3.935,3.474,2.949,47.066,75.559,48.76,12.6929814785273,27.9426283781274,59.3643901433453,23.4283918216193,73.0525429420347,26.9474570579653,56567.2051482073,25736.3525554142,4.69372252557893,142.720991464873,3.49431175959971,72.4882717118078,38.0700970900265,30174265.0,68.0468847881943,2.10501231233612,10.155659767745385,17.222499966739033,65.8,61.0,9.84700347717991,8.59576382844835,139.314753874976,125.715832147402,99.3836360393248,56.580405780268,99.8,99.5,-8.742487739999994,0.10000000000000009,0.5250000000000004,-28.492999999999995,119.439529015868,142.720991464873,0,0,0
Malaysia,MYS,2014,63.6654258813225,9.97193881432051,146.3656485505,147.021757167685,99.7,27.15,6.56360290110594,49.2192547300414,2.88,2.883,63.091,64.962,9.77,12.77,3.832,3.227,2.676,48.846,76.055,50.475,12.5700018051896,27.7466386648955,59.6833595299149,23.2718456794385,73.1962354417682,26.8037645582318,57577.7458273473,26818.4317281659,6.00672194558203,138.312231176843,3.14122940365348,72.9802206910773,38.3919142029325,30696137.0,68.2812916863332,3.14299050879095,10.19684468115754,17.239647374021196,57.05751226,65.8,9.73942530166021,9.84700347717991,142.522112800428,139.314753874976,119.439529015868,99.3836360393248,99.6,99.8,6.607913621322496,-0.26000000000000023,0.5509999999999997,-27.20900000000001,147.021757167685,138.312231176843,0,0,0
Malaysia,MYS,2015,71.0640678111957,9.80955980953099,141.210531313909,226.652764187186,99.9,27.99,7.60329674929032,48.4853806485296,3.1,3.1,63.164,65.185,10.979,12.23,3.581,3.396,2.925,49.104,75.908,50.83,12.4690778902687,27.5188412788598,60.0120876639206,23.1090988540635,73.3505275626411,26.649479270408,59115.0666913895,27699.6278860387,5.09153242155011,131.37007244526,3.27094402931735,73.4387869957006,44.289909239243,31232798.0,68.4748204191443,2.10438980238359,10.229174258368182,17.256979318585756,63.6654258813225,57.05751226,9.97193881432051,9.73942530166021,146.3656485505,142.522112800428,147.021757167685,119.439529015868,99.7,99.6,7.3986419298732,0.2200000000000002,0.4710000000000001,-26.804000000000002,226.652764187186,131.37007244526,0,0,0
Malaysia,MYS,2016,78.7883099275229,8.55245970508987,136.725167298764,912.780356269652,99.9,28.12,7.23565668041786,49.058669616671,3.44,3.4,62.851,65.09,10.836,11.69,4.052,3.939,3.145,48.978,75.375,50.986,11.3671005610583,27.4867972058341,61.1460887965168,22.9297722423797,73.5165918729984,26.4834081270016,60708.4269381503,28425.3707609412,4.44978139761541,126.8990100257,4.47130958598651,73.8588978909614,45.4034659569972,31789685.0,68.6181245800623,2.09056659525742,10.255037362014452,17.27465242406155,71.0640678111957,63.6654258813225,9.80955980953099,9.97193881432051,141.210531313909,146.3656485505,226.652764187186,147.021757167685,99.9,99.7,7.724242116327204,0.33999999999999986,0.794,-26.397,912.780356269652,126.8990100257,0,0,0
Malaysia,MYS,2017,80.1404790103961,8.30705146836206,130.853522804244,4727.64504393731,100.0,29.08,7.22150714777401,51.124071112731,3.41,3.36,62.978,65.202,11.277,11.8,4.047499999999999,3.834,3.158,49.319,75.259,51.285,11.2939340883286,27.7174531720201,60.9886193008338,22.7369119991234,73.6938178241741,26.3061756146434,62735.5048045489,29551.5457597197,5.81272240983328,133.155173371956,2.9358203805856,74.2354806421432,42.293211695146,32355644.0,68.7308114044831,3.87120115774237,10.293891331439719,17.292299030463333,78.7883099275229,71.0640678111957,8.55245970508987,9.80955980953099,136.725167298764,141.210531313909,912.780356269652,226.652764187186,99.9,99.9,1.3521690828732034,-0.029999999999999805,0.6760000000000002,-25.939999999999998,4727.64504393731,133.155173371956,0,0,0
Malaysia,MYS,2018,81.2010486181174,8.19179819298533,128.873150399987,5473.06920516799,100.0,31.08,7.04103889445774,53.1812872322082,3.3,3.3,63.41,65.574,11.395,12.47,4.043,3.64,3.099,49.746,75.649,51.625,10.6274389987205,27.1110391043493,62.2615155183785,22.5679872332003,73.8523182752089,26.1476881033433,63942.8344637436,30459.9655338061,4.84308697634881,130.402625502126,2.31458721219734,74.5634625145296,43.3100279300797,32910967.0,68.8574738627401,0.884709160571235,10.324168494925404,17.309316503654056,80.1404790103961,78.7883099275229,8.30705146836206,8.55245970508987,130.853522804244,136.725167298764,4727.64504393731,912.780356269652,100.0,99.9,1.0605696077212912,-0.11000000000000032,0.5409999999999999,-25.903,5473.06920516799,130.402625502126,0,0,0
Malaysia,MYS,2019,84.1871450078281,8.86497357882019,133.372921941941,6424.1677989232,100.0,30.15,7.29165008840823,51.5927774360365,3.33,3.3,63.678,65.871,11.211,11.41,4.3315,3.478,3.243,49.982,75.9,51.783,10.2240384296119,27.9242134883929,61.8517542998961,22.3861951665897,74.024459603824,25.975540396176,65082.787630927,31300.5086554849,4.41318742129586,123.028562027943,2.50697705748044,74.8377707734042,40.8082966813944,33440596.0,69.0435656266947,0.662891865764326,10.351389627370157,17.325281168988454,81.2010486181174,80.1404790103961,8.19179819298533,8.30705146836206,128.873150399987,130.853522804244,5473.06920516799,4727.64504393731,100.0,100.0,2.9860963897106956,0.03000000000000025,0.23500000000000032,-25.918000000000006,6424.1677989232,123.028562027943,0,0,0
Malaysia,MYS,2020,89.55501192,9.91101742902637,129.017911652905,7157.51441786287,100.0,32.76,14.3449051224117,53.8128736631656,4.54,4.5,62.501,65.473,12.365,13.63,4.62,4.685,4.455,48.964,74.576,51.371,10.470225235867,26.1668675751684,63.3629009801003,22.5479268476525,74.0399542928215,25.9600457071785,61442.1481504419,29200.452632127,-5.45684658426701,116.788182437638,1.20275464255821,75.0511895575672,39.7445667367633,33889558.0,69.314063209174,-1.1387021539305,10.281939489236471,17.338617501302846,84.1871450078281,81.2010486181174,8.86497357882019,8.19179819298533,133.372921941941,128.873150399987,6424.1677989232,5473.06920516799,100.0,100.0,5.367866912171905,1.21,0.22999999999999954,-25.611999999999995,7157.51441786287,116.788182437638,1,0,0
Malaysia,MYS,2021,96.7514278,10.8921782282506,137.684938559871,7998.18589124991,100.0,30.48,15.8604588851962,51.6786836379514,4.64,4.6,62.574,65.619,11.579,9.25,4.578,4.785,4.555,48.913,74.794,51.371,10.2892948363062,25.9296867517211,63.7810123268587,22.3601724399696,74.191934850332,25.8080712347823,62214.0306927762,29822.8491831618,3.31534954399166,134.035994690727,5.41626377085161,75.5088628191907,38.1899993008367,34282399.0,69.6481154899357,2.47710241465447,10.303030129802847,17.350142631742276,89.55501192,84.1871450078281,9.91101742902637,8.86497357882019,129.017911652905,133.372921941941,7157.51441786287,6424.1677989232,100.0,100.0,7.1964158800000035,0.09999999999999964,0.23000000000000043,-25.881,7998.18589124991,134.035994690727,1,0,0
Malaysia,MYS,2022,97.3986404,12.1753566089982,138.208441079076,8416.74162116676,100.0,32.75,11.4134438785672,58.2818244031486,3.93,3.9,63.62,66.223,12.159,10.22,3.468,4.113,3.823,49.474,76.314,51.597,10.0105928565176,26.0718420292351,63.9175651142473,22.2450763145993,74.2900267102271,25.7099791606686,65445.3328429099,32129.2217820113,9.03173723044451,146.424604753908,3.68486215546291,75.9741357073003,36.9853099297291,34695493.0,69.9806902873523,3.37869862549928,10.377521230901893,17.362120351755113,96.7514278,89.55501192,10.8921782282506,9.91101742902637,137.684938559871,129.017911652905,7998.18589124991,7157.51441786287,100.0,100.0,0.6472126000000031,-0.7099999999999995,0.2900000000000005,-26.839999999999996,8416.74162116676,146.424604753908,0,0,0
Malaysia,MYS,2023,97.69272633,13.0287000355119,142.7320920639,8082.51982602892,100.0,34.53,9.44804679894627,59.4155074421789,3.858,3.9,63.625,66.178,12.146,10.22,3.468,4.04,3.752,49.508,76.33,51.592,9.74966658350567,25.9966868796068,64.2536465368875,22.1461272529112,74.3836177936594,25.6163764485977,66453.9505440969,32857.6676600774,3.5370638041057,132.593461641599,1.97990062716743,76.4434752105739,37.2745812491757,35126298.0,70.2608342046179,2.48886560125754,10.399940410985689,17.374460638672065,97.3986404,96.7514278,12.1753566089982,10.8921782282506,138.208441079076,137.684938559871,8416.74162116676,7998.18589124991,100.0,100.0,0.2940859299999943,-0.07200000000000006,0.28800000000000026,-26.821999999999996,8082.51982602892,132.593461641599,0,0,0
Malaysia,MYS,2024,98.0206059,13.5464432669708,139.664651283564,7475.46106293289,100.0,35.21,8.65874213939161,58.6276748543331,3.846,3.9,63.565,66.107,12.25,10.22,3.468,4.027,3.739,49.539,76.22,51.617,9.43694338106628,26.0022237887699,64.5608215166271,22.0152567584813,74.5073123921254,25.4926932646436,68621.5768470984,34116.2317848885,5.10545921024041,137.362571161559,3.6930953933026,76.9170296648992,38.5013945445142,35557673.0,70.4757553949642,1.834100204499,10.437528555438917,17.38666652777361,97.69272633,97.3986404,13.0287000355119,12.1753566089982,142.7320920639,138.208441079076,8082.51982602892,8416.74162116676,100.0,100.0,0.32787957000000745,-0.01200000000000001,0.28800000000000026,-26.680999999999997,7475.46106293289,137.362571161559,0,0,0
Philippines,PHL,2010,25.0,1.82292647914606,86.3116249317177,4.92022156567367,85.5,22.46,12.5738256910915,60.3176340363727,3.605,3.605,59.22,61.434,9.736,25.941,10.325,3.787,3.485,46.297,72.545,48.119,31.5320756750827,16.3828363361583,52.085087988759,38.9525651325871,56.685875836474,43.314124163526,16450.0579629757,6273.03927731515,7.33449996034538,66.1042785137797,0.513698049517659,45.5208176726647,27.7549235195177,96337125.0,61.0521603172193,3.78983634797591,8.744016249405876,18.38336431649561,,,,,,,,,,,,,0.30200000000000005,-26.248000000000005,4.92022156567367,66.1042785137797,0,0,0
Philippines,PHL,2011,29.0,1.82292647914606,95.8688282360909,6.86014766579811,87.2,18.03,14.665699489708,60.3176340363727,3.592,3.592,59.995,62.23,9.477,25.031,10.04,3.826,3.437,47.063,73.306,48.935,31.279108429942,16.1063617933783,52.6145323962141,38.4180207411066,57.4477200528737,42.5522799471263,16441.2655383742,6388.31296959977,3.85823282795663,60.7958366999075,0.856963002985963,46.6833632464759,29.0709151463153,98248614.0,61.3850819239797,4.7184170471842,8.762225501497287,18.403011701743914,25.0,,1.82292647914606,,86.3116249317177,,4.92022156567367,,85.5,,4.0,-0.0129999999999999,0.38900000000000023,-26.242999999999995,6.86014766579811,60.7958366999075,0,0,0
Philippines,PHL,2012,30.79999924,2.14283906030847,101.799674355545,11.4399215648631,87.1,25.89,14.6932115146509,60.3176340363727,3.504,3.504,59.57,61.733,9.361,25.414,9.196,3.731,3.354,46.651,72.839,48.459,30.8297371328032,16.0360685514524,53.1341994600021,36.5873196677334,59.3675500702796,40.6324473575917,17257.2321128234,6697.55620962768,6.89695171050985,57.8420055133082,1.22763000703119,47.9182784810426,29.6298942276846,100175512.0,61.7186610350509,3.02696391124796,8.809497994011792,18.422434325529075,29.0,25.0,1.82292647914606,1.82292647914606,95.8688282360909,86.3116249317177,6.86014766579811,4.92022156567367,87.2,85.5,1.7999992399999982,-0.08800000000000008,0.3769999999999998,-26.187999999999995,11.4399215648631,57.8420055133082,0,0,0
Philippines,PHL,2013,32.70000076,2.52046664370868,100.732033524401,12.0791953190796,87.5,23.58,14.295449717699,60.3176340363727,3.497,3.497,59.297,61.446,9.165,24.902,9.2485,3.821,3.283,46.491,72.423,48.338,29.7178644007855,16.370875903122,53.9112672571846,35.6065174792773,60.5623632261584,39.4376342534778,18051.4261911975,7016.53846470436,6.75053130142255,55.8247812320298,1.31642638378197,49.1313688766206,31.8704183328366,102076336.0,62.0410797268429,2.58268766141795,8.856025279211988,18.441231483499642,30.79999924,29.0,2.14283906030847,1.82292647914606,101.799674355545,95.8688282360909,11.4399215648631,6.86014766579811,87.1,87.2,1.9000015200000036,-0.007000000000000117,0.5380000000000003,-25.932000000000002,12.0791953190796,55.8247812320298,0,0,0
Philippines,PHL,2014,34.70000076,2.79471929116667,107.284498472686,15.6022432151684,89.8,31.22,13.6180786706062,60.3176340363727,3.6,3.6,59.933,62.171,9.465,24.038,9.301,3.724,3.518,47.292,72.882,49.121,29.0797181429951,16.7792824480067,54.1410067239807,36.2354532744432,60.0696493570704,39.9303506429296,18572.4641802752,7340.361585912,6.34798748260867,57.4681720875945,1.92937522802216,50.2392400212368,33.8741923214799,103767130.0,62.3216282458617,3.59782343864211,8.90114338278104,18.45765981187992,32.70000076,30.79999924,2.52046664370868,2.14283906030847,100.732033524401,101.799674355545,12.0791953190796,11.4399215648631,87.5,87.1,2.0,0.1030000000000002,0.2060000000000004,-25.590000000000003,15.6022432151684,57.4681720875945,0,0,0
Philippines,PHL,2015,36.90000153,2.75369633406674,111.893197374926,20.3108843398923,89.1,38.85,11.9075927570559,60.3176340363727,3.068,3.068,59.521,61.405,8.509,23.481,8.456,3.218,2.968,47.104,72.227,48.67,27.851386470164,17.0786139842483,55.0699923441241,34.8469498091816,61.510967457377,38.489032542623,19445.0689340997,7691.76308685047,6.34830971672761,59.1415921053094,1.84018010717942,51.1549047745227,35.8745887819664,105312992.0,62.6875930117321,0.674192536845408,8.947905306292906,18.47244735031013,34.70000076,32.70000076,2.79471929116667,2.52046664370868,107.284498472686,100.732033524401,15.6022432151684,12.0791953190796,89.8,87.5,2.2000007699999955,-0.532,0.25,-25.123000000000005,20.3108843398923,59.1415921053094,0,0,0
Philippines,PHL,2016,39.20000076,2.79705053563184,112.517998777897,39.3682643389511,92.0,39.77,17.6042713433171,60.3176340363727,2.695,2.695,59.93,61.59,7.634,22.808,7.512,2.846,2.596,46.818,73.32,48.19,26.7234128847963,17.8383742084965,55.4382082448058,34.5004093033,61.8702234302556,38.1297765697444,20231.5517324942,8131.82537948653,7.14945675000752,61.7760657653871,2.59850803494211,51.9114748151175,38.3447414525513,106735719.0,63.1300684825105,1.25369880080982,9.003540701262216,18.4858664212642,36.90000153,34.70000076,2.75369633406674,2.79471929116667,111.893197374926,107.284498472686,20.3108843398923,15.6022432151684,89.1,89.8,2.2999992300000045,-0.3730000000000002,0.25,-26.501999999999995,39.3682643389511,61.7760657653871,0,0,0
Philippines,PHL,2017,41.59999847,3.14400726239576,110.962137119646,85.4515929859327,93.0,34.04,16.1876711463593,60.3176340363727,2.552,2.552,57.632,59.141,7.379,22.294,3.68,2.701,2.459,43.828,71.717,45.045,25.1806891263771,18.6636563552646,56.1556474029791,33.1944885597978,62.8353929036707,37.1646094681225,22012.7681484427,8584.13622709699,6.9309883258402,68.1683697426727,3.12238778404896,52.6010482354344,33.6841018682349,108119693.0,63.5459353202846,2.85318772590947,9.057671154070093,18.49874943993083,39.20000076,36.90000153,2.79705053563184,2.75369633406674,112.517998777897,111.893197374926,39.3682643389511,20.3108843398923,92.0,89.1,2.399997710000001,-0.1429999999999998,0.242,-27.888999999999996,85.4515929859327,68.1683697426727,0,0,0
Philippines,PHL,2018,44.09999847,3.46090446005956,122.960456861544,90.4670354538969,94.2,37.0,15.4698594340888,61.3459931361948,2.338,2.338,57.602,58.981,6.605,20.376,3.9045,2.674,2.124,44.315,71.161,45.532,24.0341655328165,19.4736780800466,56.4921563871369,31.9891108532916,64.1180942937741,35.8819080311584,22946.5606688191,9016.28659637608,6.34148557153473,72.1633982990273,2.86833826070497,53.2088897464754,28.1166228592308,109465287.0,63.899758760509,5.30934661627707,9.106787842745021,18.511118043262734,41.59999847,39.20000076,3.14400726239576,2.79705053563184,110.962137119646,112.517998777897,85.4515929859327,39.3682643389511,93.0,92.0,2.5,-0.21399999999999997,0.5499999999999998,-26.846000000000004,90.4670354538969,72.1633982990273,0,0,0
Philippines,PHL,2019,43.0266118680279,5.69730703529922,151.006642923206,108.614542943099,95.3,47.76,14.7780281734486,62.2466747019023,2.237,2.237,58.115,59.444,6.696,19.338,4.1290000000000004,2.529,2.046,45.388,71.106,46.566,22.6054798824319,19.5373267098625,57.8572001865167,32.2975875342189,64.4844431941304,35.5155545462659,23665.958018796,9452.2939715981,6.11852566221303,68.8418422595678,2.30117498598294,53.7157859948017,30.0548680110365,110804683.0,64.2071776686226,2.39206534422404,9.154012739346442,18.523279596727264,44.09999847,41.59999847,3.46090446005956,3.14400726239576,122.960456861544,110.962137119646,90.4670354538969,85.4515929859327,94.2,93.0,-1.0733866019721034,-0.10099999999999998,0.4830000000000001,-25.717999999999996,108.614542943099,68.8418422595678,0,0,0
Philippines,PHL,2020,53.76490021,7.08108894988907,133.45620905917,111.026585139154,96.4,49.47,18.6338386370801,67.0450915850689,2.522,2.522,53.365,54.746,6.987,21.406,4.3535,2.719,2.394,41.515,65.464,42.675,24.5081370532987,18.7126188899983,56.779244056703,33.974824433767,63.2267573500892,36.7732450618579,22857.1677303125,8455.18457134106,-9.51829474045297,58.1695603022281,1.88586363211171,54.1077719895977,31.6317598507085,112081264.0,64.592028512455,2.3931623931624,9.0425350909396,18.53473473758825,43.0266118680279,44.09999847,5.69730703529922,3.46090446005956,151.006642923206,122.960456861544,108.614542943099,90.4670354538969,95.3,94.2,10.738288341972101,0.2849999999999997,0.32499999999999973,-23.948999999999998,111.026585139154,58.1695603022281,1,0,0
Philippines,PHL,2021,66.90779877,8.50897715713263,144.424289981649,133.650513103559,97.5,47.3,18.7655203694465,64.2254083346106,3.398,3.398,54.552,56.471,8.434,17.721,4.578,3.822,3.12,42.513,66.847,44.203,24.325505789458,18.8641776384679,56.8103235196599,33.5918236552734,63.5681539262577,36.4318483896041,23200.7138914669,8857.78995115514,5.71473313185116,63.4846098136712,3.04078855310045,54.4504102510776,33.6166173848126,113100950.0,65.1056206866521,3.92718022100332,9.089052571304624,18.543791340697403,53.76490021,43.0266118680279,7.08108894988907,5.69730703529922,133.45620905917,151.006642923206,111.026585139154,108.614542943099,96.4,95.3,13.142898559999999,0.8760000000000003,0.702,-24.333999999999996,133.650513103559,63.4846098136712,1,0,0
Philippines,PHL,2022,75.21114422,7.63946525096298,147.428926406785,100.189236390773,94.8,49.77,16.2276033705698,66.6110921963778,2.598,2.598,59.843,61.439,6.813,12.96,3.696,2.861,2.412,48.939,70.985,50.38,22.8363518329959,18.4442054471222,58.7194427198819,34.5174061547317,62.9093922858045,37.0906077141955,22362.2718653738,9457.10395402883,7.58098212785563,72.4296836107599,2.3475097233369,54.7902343568327,38.4011392706768,113964338.0,65.6276748361945,5.82115811213955,9.154521479238996,18.551396132857555,66.90779877,53.76490021,8.50897715713263,7.08108894988907,144.424289981649,133.45620905917,133.650513103559,111.026585139154,97.5,96.4,8.303345449999995,-0.8000000000000003,0.4490000000000003,-22.046,100.189236390773,72.4296836107599,0,0,0
Philippines,PHL,2023,77.86699677,6.5393085505183,117.275521687262,305.497725722229,98.0,47.4,14.6860895821014,63.977928897569,2.2,2.409,60.069,61.42,6.912,12.362,3.352,2.48,2.002,49.194,71.187,50.445,22.0370920130941,18.9439273601805,59.0189887451559,34.2583905496603,63.2044072521124,36.7955927478876,23081.7179928575,9898.53294588106,5.51894967856043,67.4199693171606,2.04210354820336,55.1242716168851,44.2394203278519,114891199.0,66.130280353328,5.97802515541409,9.20014183785712,18.559496142844377,75.21114422,66.90779877,7.63946525096298,8.50897715713263,147.428926406785,144.424289981649,100.189236390773,133.650513103559,94.8,97.5,2.655852550000006,-0.3979999999999997,0.4780000000000002,-21.992999999999995,305.497725722229,67.4199693171606,0,0,0
Philippines,PHL,2024,67.26300914,7.13893301204977,115.298749599352,131.556605552984,94.8,43.57,15.9566076017281,60.975307025875,2.202,2.409,60.05,61.402,6.964,12.362,3.352,2.481,2.002,49.258,71.088,50.511,21.1858721910537,19.4979246002047,59.3162032087416,33.9269231826241,63.5429639493369,36.4570360506631,23959.6391970391,10378.1717703535,5.71474526128652,65.8637883882752,2.03571882251572,55.4520983215477,47.4134996154186,115843670.0,66.6399983988767,3.21260487006347,9.247460011183417,18.56775216772966,77.86699677,75.21114422,6.5393085505183,7.63946525096298,117.275521687262,147.428926406785,305.497725722229,100.189236390773,98.0,94.8,-10.603987630000006,0.0019999999999997797,0.4790000000000001,-21.82999999999999,131.556605552984,65.8637883882752,0,0,0
Singapore,SGP,2010,71.0,26.3619521238271,145.451637517643,531.641221163536,100.0,33.56,3.52971346284091,52.3392376030999,4.12,4.12,64.595,67.37,9.413,3.7,2.827,4.418,3.916,54.604,73.76,57.128,0.135619246214096,21.7235824788031,78.1407627632661,9.1798497996429,85.5018089668505,14.4982265448662,173585.460873449,96280.0168756448,14.5197497108994,369.685555787646,23.0694716770802,100.0,93.2696812803906,5076732.0,78.5292890663685,2.82884527612958,11.475016067173735,15.44017830545726,,,,,,,,,,,,,0.5020000000000002,-19.156000000000006,531.641221163536,369.4539866876553,0,0,1
Singapore,SGP,2011,71.0,27.1735826927318,150.404101393239,927.910784754021,100.0,27.73,4.15957283702079,47.7371556953814,3.89,3.89,64.755,67.376,8.868,3.7,2.634,4.327,3.585,55.287,73.461,57.787,0.132460398348564,20.7412116291523,79.1263279724991,9.58980117120697,85.0025047936568,14.9974952063432,179314.8715033,100153.729405945,6.21493416858989,379.098631377539,17.5960314065854,100.0,95.9817452372883,5183688.0,78.7713862675959,5.25115624639373,11.514461578602786,15.461027330017862,71.0,,26.3619521238271,,145.451637517643,,531.641221163536,,100.0,,0.0,-0.22999999999999998,0.742,-18.174,927.910784754021,369.4539866876553,0,0,1
Singapore,SGP,2012,72.0,27.0679759849169,152.410387392459,1898.94016625515,100.0,27.46,5.19456114019232,48.4626199153623,3.72,3.718,65.416,67.943,8.529,3.7,2.758,4.23,3.364,56.067,73.966,58.543,0.129558733292426,20.3739028359523,79.496505082304,9.28157431368887,84.676053144092,15.3239135074567,180162.136890054,102061.11936105,4.43549759378537,369.212965787665,18.7435244231802,100.0,101.99681244982,5312437.0,78.8186833661434,4.58084479423094,11.533327122234185,15.485561233320963,71.0,71.0,27.1735826927318,26.3619521238271,150.404101393239,145.451637517643,927.910784754021,531.641221163536,100.0,100.0,1.0,-0.16999999999999993,0.8660000000000005,-17.898999999999994,1898.94016625515,369.212965787665,0,0,1
Singapore,SGP,2013,80.90209961,27.7295626772787,156.679270675737,2549.46971400377,100.0,28.76,5.37493676826321,50.3271857168025,3.86,3.862,65.152,67.768,8.903,3.7,2.745,4.405,3.479,56.026,73.43,58.607,0.126798540209667,19.6854897667412,80.1876788946683,8.65673903410736,85.0841163673432,14.915850834276,185929.251019997,105259.693561054,4.81763099120676,367.041780049019,20.9344810446532,100.0,97.4828537932812,5399162.0,78.7282392629886,2.36439793742726,11.564185847646208,15.50175431430685,72.0,71.0,27.0679759849169,27.1735826927318,152.410387392459,150.404101393239,1898.94016625515,927.910784754021,100.0,100.0,8.902099609999993,0.13999999999999968,0.9260000000000002,-17.404000000000003,2549.46971400377,367.041780049019,0,0,1
Singapore,SGP,2014,79.0292358633435,27.0067241979516,148.478352479892,2544.00404846753,100.0,28.96,5.18088391075491,50.6403255755208,3.74,3.743,65.992,68.556,8.378,3.6,3.769,4.111,3.478,57.352,73.808,59.811,0.124092213197688,17.5887805852729,82.2871590690726,9.2849592525659,85.3808282948092,14.619203572734,187829.195163909,107990.891202625,3.93554027709007,360.467319166237,21.8184880782679,100.0,92.96889513674239,5469724.0,78.546922809139,1.03316955857629,11.589802161833044,15.514738716086773,80.90209961,72.0,27.7295626772787,27.0679759849169,156.679270675737,152.410387392459,2549.46971400377,1898.94016625515,100.0,100.0,-1.872863746656492,-0.11999999999999966,0.6329999999999996,-16.45600000000001,2544.00404846753,360.467319166237,0,0,1
Singapore,SGP,2015,79.0129570025584,26.8978922564041,149.006215002154,3585.18388972579,100.0,31.6,5.79187333559013,52.2174549984101,3.79,3.785,66.895,69.53,8.894,3.6,3.72,3.976,3.655,58.867,74.185,61.305,0.121459660055481,17.2904642702552,82.5880760696893,8.27319995699337,86.0095822996094,13.9904177003906,188139.292182386,109894.041337341,2.97679931634806,329.471398940262,22.6541826890491,100.0,88.4549364802036,5535002.0,78.3192236422757,-0.521975611895763,11.607271919971321,15.526602485461757,79.0292358633435,80.90209961,27.0067241979516,27.7295626772787,148.478352479892,156.679270675737,2544.00404846753,2549.46971400377,100.0,100.0,-0.016278860785106986,0.04999999999999982,0.3210000000000002,-15.318000000000005,3585.18388972579,329.471398940262,0,0,1
Singapore,SGP,2016,84.4522678893074,28.5392609803278,151.681717052742,19060.746532679,100.0,31.87,7.92197759204619,52.2327295013631,4.08,4.084,66.419,69.244,8.723,4.1,3.9210000000000003,4.484,3.783,58.564,73.623,61.313,0.118979259162807,16.1568033087095,83.7242174321277,8.52429617566227,86.0481082266938,13.9519226289233,194001.687522818,112719.947951111,3.91095306322606,301.338866227561,20.3059406285478,100.0,83.9409778236648,5607283.0,78.0308714909358,-0.529809760375464,11.632661684818649,15.539576846455615,79.0129570025584,79.0292358633435,26.8978922564041,27.0067241979516,149.006215002154,148.478352479892,3585.18388972579,2544.00404846753,100.0,100.0,5.4393108867489985,0.29000000000000004,0.7010000000000001,-15.059000000000005,19060.746532679,301.338866227561,0,0,1
Singapore,SGP,2017,84.4522678893074,26.3326099315534,149.567868255938,58690.3334543186,100.0,31.31,7.70857907065606,53.0720442885638,4.2,4.163,66.047,68.943,9.338,4.5,4.122,4.431,4.029,58.112,73.44,60.807,0.117077595142899,15.8830026161212,83.9999197887359,8.72759985450916,86.131415009559,13.8685541399643,203131.771320104,117492.967994526,4.32679370770501,315.401433455385,29.5741008560154,100.0,84.7929138455372,5612253.0,77.6111451686482,0.576763191179996,11.674133763920358,15.54046280115554,84.4522678893074,79.0129570025584,28.5392609803278,26.8978922564041,151.681717052742,149.006215002154,19060.746532679,3585.18388972579,100.0,100.0,0.0,0.1200000000000001,0.40200000000000014,-15.327999999999996,58690.3334543186,315.401433455385,0,0,1
Singapore,SGP,2018,88.1656360313447,26.50873593831,152.07381696158,84713.8583596575,100.0,29.12,7.15775463798141,51.57228009959,3.613,3.878,66.103,68.581,8.437,4.3,4.363333333333333,3.836,3.445,58.553,73.185,60.889,0.115089283007242,16.0388461549063,83.8460645620865,8.89357181335446,86.251700078186,13.748299921814,208218.849329945,120668.888726158,3.18660848474074,325.725809994853,22.7862106121625,100.0,88.8864453410769,5638676.0,77.1869683023096,0.438784215129623,11.70080561682791,15.545159844142681,84.4522678893074,84.4522678893074,26.3326099315534,28.5392609803278,149.567868255938,151.681717052742,58690.3334543186,19060.746532679,100.0,100.0,3.713368142037311,-0.5870000000000002,0.391,-14.632000000000005,84713.8583596575,325.725809994853,0,0,1
Singapore,SGP,2019,88.9492526850762,26.5276177370284,159.347378272364,122481.379641414,100.0,28.86,6.52273685437791,51.8165690079601,3.1,3.125,66.847,68.986,7.629,4.13,4.604666666666667,3.322,2.931,59.768,73.441,61.822,0.113041897035994,14.9655328914049,84.9214552678997,9.16541056209865,86.2729987361309,13.7270012638691,205644.674663117,120678.341978557,1.15877947300108,324.270088576625,28.1758142041642,100.0,91.0889904414776,5703569.0,76.8118792234851,0.567829988405447,11.70088395418754,15.556602677211574,88.1656360313447,84.4522678893074,26.50873593831,26.3326099315534,152.07381696158,149.567868255938,84713.8583596575,58690.3334543186,100.0,100.0,0.7836166537314995,-0.5129999999999999,0.391,-13.673000000000002,122481.379641414,324.270088576625,0,0,1
Singapore,SGP,2020,92.00434653,26.8622723592787,150.259334715266,128377.730724944,100.0,33.14,8.82543655419016,55.2615580095711,4.1,5.231,65.895,68.712,10.558,4.46,4.846,4.383,3.885,59.015,72.285,61.72,0.108162685533748,14.8295407728436,85.0622965416227,9.68474174390962,86.1578818560938,13.8420873984015,201622.573929527,116684.213596572,-3.61084281729929,331.080556828077,22.5843942948636,100.0,93.134767179468,5685807.0,76.2405295018345,-0.172111865925382,11.667226535744533,15.553483627599066,88.9492526850762,88.1656360313447,26.5276177370284,26.50873593831,159.347378272364,152.07381696158,122481.379641414,84713.8583596575,100.0,100.0,3.055093844923803,0.9999999999999996,0.4980000000000002,-13.269999999999996,128377.730724944,331.080556828077,1,0,1
Singapore,SGP,2021,96.92468156,27.5210996900631,157.977675166643,176692.094677134,100.0,34.15,8.25692016771582,54.9722752514087,4.64,4.64,67.406,70.686,9.499,7.543,4.527,5.01,4.349,61.182,73.213,64.409,0.107777556138585,14.4449638584304,85.447258585431,9.71401945721408,86.3591803545787,13.6408500996615,226321.530946985,133990.186782104,10.1410845197192,326.53325458764,32.2624851402185,100.0,97.0989103061521,5453566.0,75.5729505669556,2.31610315765146,11.80552184328201,15.511780264597313,92.00434653,88.9492526850762,26.8622723592787,26.5276177370284,150.259334715266,159.347378272364,128377.730724944,122481.379641414,100.0,100.0,4.92033502999999,0.54,0.6609999999999996,-12.030999999999992,176692.094677134,326.53325458764,1,0,1
Singapore,SGP,2022,95.95386476,27.5510032505086,173.005291258141,212649.338604675,100.0,32.68,7.23714246141126,56.8269189876243,3.591,3.591,67.23,69.734,7.924,6.623,3.384,3.83,3.407,60.511,73.5,62.921,0.0909524456334748,14.5645681583865,85.3444494774124,9.19152251402134,86.7489167982585,13.2510532831739,227908.380077652,134828.001392614,4.01027884472296,330.246917062891,28.0305519383786,100.0,98.02222650098,5637022.0,75.3038137328294,6.13095418919732,11.811755181352892,15.544866469841265,96.92468156,92.00434653,27.5210996900631,26.8622723592787,157.977675166643,150.259334715266,176692.094677134,128377.730724944,100.0,100.0,-0.9708167999999944,-1.0489999999999995,0.42300000000000004,-12.988999999999997,211187.23574623224,330.246917062891,0,0,1
Singapore,SGP,2023,94.28518987,27.4343636046425,173.199932977376,228648.442759691,100.0,31.74,7.9870904308487,56.1383758562278,3.444,3.444,67.004,69.394,8.515,6.757,3.446,3.703,3.24,60.955,72.645,63.299,0.0795801860241645,13.8432992197459,86.0771205942299,9.06840038273305,87.7820595924957,12.2179111823167,220446.369323618,130296.843789261,1.45026775889565,323.7012199919,24.607056245637,100.0,97.2886546863037,5917648.0,75.1171578881273,4.83372362825798,11.77757054017383,15.59344963061941,95.95386476,96.92468156,27.5510032505086,27.5210996900631,173.005291258141,157.977675166643,212649.338604675,176692.094677134,100.0,100.0,-1.6686748900000055,-0.14700000000000024,0.46299999999999963,-11.689999999999998,211187.23574623224,323.7012199919,0,0,1
Singapore,SGP,2024,94.37757178,27.813655026664,170.78256295407,209665.455220098,100.0,34.65,7.77939240054769,59.429782938503,2.737,3.306,67.308,69.202,6.329,6.446,3.312,2.696,2.769,61.434,72.788,63.136,0.0979837330273541,14.1625578109794,85.7394584559933,9.42642739829392,87.1803414114388,12.8196585885612,226351.971278115,134548.764138482,5.3435120192366,313.299377202408,23.5787255966584,100.0,97.2886546863037,6036860.0,74.6576230281015,2.38951123595017,11.809681970965949,15.613394567183342,94.28518987,95.95386476,27.4343636046425,27.5510032505086,173.199932977376,173.005291258141,228648.442759691,212649.338604675,100.0,100.0,0.09238191000000029,-0.7069999999999999,-0.07299999999999995,-11.354,209665.455220098,313.299377202408,0,0,1
Thailand,THA,2010,22.4,4.74172823236676,104.588624052335,10.9799660530946,99.7,18.8,1.37097421748553,26.2989283157735,0.622,0.622,71.211,71.657,2.598,12.52,1.787,0.623,0.622,63.289,79.511,63.685,38.2444915040201,20.6443965301725,41.1111094017186,52.7124341125342,44.5450011679424,55.4549988320576,29422.6444405242,16732.187029014,7.51339053261624,127.250522638251,4.32320928209171,44.0018736622496,46.3783774485726,68579447.0,71.281402493072,3.24758842443725,9.725089510422997,18.043503441391152,,,,,,,,,,,,,0.0010000000000000009,-16.221999999999994,10.9799660530946,127.250522638251,0,0,0
Thailand,THA,2011,23.669925618731,5.64433790742555,112.233203232914,14.8100470895736,99.3,15.47,1.3508375316208,22.6972118999979,0.66,0.662,72.743,73.226,2.947,12.55,1.836,0.676,0.646,65.361,80.485,65.806,41.0084617444297,19.4406386224083,39.5508996331619,55.3811294752686,42.3268364753534,57.6731660050419,28701.1470964822,16768.1688542486,0.840132083053334,139.675407224576,0.667087644548593,44.8048723557374,52.7332765596589,69007208.0,71.4681993799836,3.81191694558332,9.727237657099206,18.04972152087369,22.4,,4.74172823236676,,104.588624052335,,10.9799660530946,,99.7,,1.2699256187310013,0.038000000000000034,0.030000000000000027,-15.123999999999995,14.8100470895736,139.675407224576,0,0,0
Thailand,THA,2012,26.46,6.50814220580194,122.431994954555,30.171626291558,99.1,15.97,1.01843818710278,22.97873426814,0.58,0.579,72.403,72.825,2.758,12.85,1.252,0.531,0.621,64.725,80.466,65.071,42.1429847927673,19.8224243928808,38.0345908143519,55.9679533802875,41.6703500800279,58.3296523825583,30558.8546560338,17871.5786477565,7.24279620249642,137.67493851024,3.24456444314608,45.373565813715,50.7403100613359,69436098.0,71.6211926251962,3.00948610403357,9.790966944920749,18.055917434341204,23.669925618731,22.4,5.64433790742555,4.74172823236676,112.233203232914,104.588624052335,14.8100470895736,10.9799660530946,99.3,99.7,2.790074381269001,-0.08000000000000007,-0.08999999999999997,-15.741,30.171626291558,137.67493851024,0,0,0
Thailand,THA,2013,28.94,7.43359084502317,134.367308785551,37.926776094889,99.4,15.5,0.983156217222682,22.1460745135469,0.249,0.249,69.796,69.97,1.231,14.373,0.661,0.237,0.259,61.633,78.381,61.78,39.3005358547268,21.2596461834777,39.4398179617955,54.8578460659682,41.8798039373176,58.1201935361145,32195.5936357546,18244.4071505088,2.68749556320556,132.462274174269,3.79126450872817,45.8321343847773,49.6879408184566,69845114.0,71.6876647113235,2.18617704418967,9.811613854536573,18.06179069132801,26.46,23.669925618731,6.50814220580194,5.64433790742555,122.431994954555,112.233203232914,30.171626291558,14.8100470895736,99.1,99.3,2.4800000000000004,-0.33099999999999996,-0.02200000000000002,-16.747999999999998,37.926776094889,132.462274174269,0,0,0
Thailand,THA,2014,34.8860535783465,7.74748143833759,138.28115031927,50.6292215317833,99.5,15.92,1.01639005713081,22.6439946046819,0.576,0.576,69.392,69.794,3.113,13.324,1.335,0.564,0.585,61.101,78.125,61.447,33.4930302024769,23.5536913558203,42.9532784417028,49.6768223947998,47.3578138457633,52.6421836375418,32385.4406276855,18326.604873747,0.984468863619426,130.905495444398,1.22145318013998,46.3138799467897,49.9091820021394,70216367.0,71.6555591067219,1.89455652481545,9.816109101296462,18.06709198996938,28.94,26.46,7.43359084502317,6.50814220580194,134.367308785551,122.431994954555,37.926776094889,30.171626291558,99.4,99.1,5.946053578346497,0.32699999999999996,-0.02100000000000002,-17.024,50.6292215317833,130.905495444398,0,0,0
Thailand,THA,2015,39.3161267365004,8.83035128821556,145.932577028654,67.5920933411652,99.6,16.45,0.853210693725749,23.9081912453329,0.597,0.597,68.856,69.269,3.094,13.591,1.357,0.606,0.589,60.698,77.463,61.068,32.3345065204086,23.7199822557498,43.94552128009,48.7320077388859,48.4228057795669,51.5771917063713,33365.4704793317,18814.0408554566,3.13404724911635,124.839662152526,2.22468548959784,46.9521043776171,45.713134717198,70540795.0,71.5683231839936,-0.898143410569433,9.842358724075016,18.071701752909977,34.8860535783465,28.94,7.74748143833759,7.43359084502317,138.28115031927,134.367308785551,50.6292215317833,37.926776094889,99.5,99.4,4.430073158153903,0.02100000000000002,0.017000000000000015,-16.764999999999993,67.5920933411652,124.839662152526,0,0,0
Thailand,THA,2016,47.5049656215909,10.187716904417,168.88127084564,142.577232144791,99.9,15.3,0.819814701249213,24.1533912741093,0.688,0.688,67.845,68.315,3.714,14.966,1.544,0.714,0.666,59.741,76.408,60.17,31.2290600430982,23.7258928161447,45.0450446122349,48.1136717457096,49.0616577650037,50.938347292041,34710.0271303221,19372.7128024107,3.43515771692182,120.57522728913,0.843364340718618,47.8801095551247,49.3227291503798,70859841.0,71.4840033899878,0.186235191075453,9.871620798345392,18.076214413537947,39.3161267365004,34.8860535783465,8.83035128821556,7.74748143833759,145.932577028654,138.28115031927,67.5920933411652,50.6292215317833,99.6,99.5,8.188838885090497,0.09099999999999997,0.04799999999999993,-16.667,142.577232144791,120.57522728913,0,0,0
Thailand,THA,2017,52.8919293439676,11.5345396717409,170.783699598766,562.435284213067,99.9,15.48,0.63427049034332,25.0947352815091,0.83,0.83,66.965,67.525,4.373,15.585,1.746,0.845,0.818,58.85,75.556,59.351,31.5296819916623,22.9001965786271,45.5701188910502,47.8973036683746,49.4031533006699,50.5968517766511,36305.2193622205,20096.8605455164,4.1776810321001,120.891427433638,1.81550260101987,49.2311973571777,47.427491541895,71160187.0,71.3970271044959,0.664415139830893,9.90831889008261,18.080444048639286,47.5049656215909,39.3161267365004,10.187716904417,8.83035128821556,168.88127084564,145.932577028654,142.577232144791,67.5920933411652,99.9,99.6,5.386963722376699,0.14200000000000002,0.027000000000000024,-16.705999999999996,562.435284213067,120.891427433638,0,0,0
Thailand,THA,2018,56.8174809301456,12.8740610702362,175.266001933225,927.831858065501,99.8,15.11,0.777653754149814,23.7010461775138,0.765,0.765,67.28,67.798,4.011,14.782,1.579,0.743,0.784,59.126,75.927,59.569,32.1983100446982,22.8486643164464,44.9530256388553,48.7818153109021,48.5342491656075,51.4657533415437,37368.4982232567,20882.1707419576,4.22287028746071,120.841864730984,2.71279835138662,54.5843734741211,46.1667791174286,71376079.0,71.2751569841428,1.06683487370758,9.946650999330258,18.083473343164187,52.8919293439676,47.5049656215909,11.5345396717409,10.187716904417,170.783699598766,168.88127084564,562.435284213067,142.577232144791,99.9,99.9,3.9255515861780026,-0.06499999999999995,-0.041000000000000036,-16.80100000000001,927.831858065501,120.841864730984,0,0,0
Thailand,THA,2019,66.6524194587528,14.1338059581469,181.221874232713,1366.58132681497,99.9,14.4,0.72175531535266,24.1456146250576,0.716,0.716,66.46,66.94,4.19,14.88,1.488,0.732,0.703,58.469,74.954,58.9,31.4905856675213,22.8893483662012,45.6200634452476,47.7419198534858,49.7169148170984,50.2830851829016,38370.3242592177,21280.1504518601,2.11455779628278,109.689514715166,1.01734877580041,55.9266166687012,44.9880040072053,71522271.0,71.119813854904,0.705524801910317,9.965530013536796,18.08551944168111,56.8174809301456,52.8919293439676,12.8740610702362,11.5345396717409,175.266001933225,170.783699598766,927.831858065501,562.435284213067,99.8,99.9,9.834938528607204,-0.049000000000000044,0.029000000000000026,-16.484999999999992,1366.58132681497,109.689514715166,0,0,0
Thailand,THA,2020,77.84374066,16.021813562656,162.327737376294,1859.02067578611,100.0,15.27,1.59913765344454,27.6476472642596,1.099,1.099,66.285,67.021,5.199,15.135,2.181,1.087,1.109,58.463,74.617,59.106,31.3894710294934,22.6027550384991,46.0077764439411,48.0926725618564,49.4768760318866,50.5231189442464,35902.0728137991,19950.2844063147,-6.09306312966953,97.6624419371158,-0.858310188764945,57.2358779907227,42.5900878816865,71641484.0,70.9348809059768,-0.846087518861799,9.900998678172018,18.087184849626773,66.6524194587528,56.8174809301456,14.1338059581469,12.8740610702362,181.221874232713,175.266001933225,1366.58132681497,927.831858065501,99.9,99.8,11.191321201247192,0.383,-0.02200000000000002,-16.154000000000003,1859.02067578611,97.6624419371158,1,0,0
Thailand,THA,2021,85.26956666,17.3168855632327,168.485285358167,2134.31889534104,100.0,15.31,1.33444074046259,24.6642800019366,1.215,1.215,66.139,66.952,5.858,14.751,2.527,1.249,1.186,58.441,74.358,59.18,31.8973264305607,22.2725385292104,45.8301350402289,50.3658119706045,47.3026648982517,52.6973376049779,36335.2883323061,20236.9760408784,1.55858232076893,117.131472183199,3.04112326260094,58.5087776184082,43.4690405127808,71727332.0,70.7171395974968,1.23104516549814,9.915266707144408,18.08838243237392,77.84374066,66.6524194587528,16.021813562656,14.1338059581469,162.327737376294,181.221874232713,1859.02067578611,1366.58132681497,100.0,99.9,7.425826000000001,0.1160000000000001,0.06300000000000017,-15.917000000000002,2134.31889534104,117.131472183199,1,0,0
Thailand,THA,2022,87.97724503,17.5125815621477,176.22279253783,2746.24794708894,99.9,15.2,1.01418728502946,25.8377488104933,0.94,0.94,66.549,67.18,5.208,13.347,2.116,1.057,0.841,58.946,74.684,59.576,30.4232397167292,22.2352690912822,47.3414812840193,49.729756400914,47.9630662581379,52.0369362188546,36903.0338471823,20768.4800093577,2.63784213566305,132.813458288082,2.39157096115532,59.742374420166,43.29484965617,71735329.0,70.4702497426338,6.07589952842433,9.94119173216804,18.088493917828778,85.26956666,77.84374066,17.3168855632327,16.021813562656,168.485285358167,162.327737376294,2134.31889534104,1859.02067578611,100.0,100.0,2.7076783700000107,-0.27500000000000013,0.21599999999999997,-15.738,2746.24794708894,132.813458288082,0,0,0
Thailand,THA,2023,89.53525238,14.5089451983046,168.642808295144,3002.53401436088,100.0,14.98,0.803052415181397,26.0506229435129,0.733,0.733,67.317,67.814,4.491,12.463,1.712,0.808,0.669,59.824,75.35,60.311,30.2203833465474,21.9241712091058,47.8554430043835,49.7201215492207,47.8997087171599,52.1002937228036,37168.6707588478,21245.2706771879,2.24883437970568,128.792359690165,1.9975474592024,60.9341926574707,45.4407811172674,71702435.0,70.1920646070109,1.22908986612448,9.96388959321559,18.088035265941585,87.97724503,85.26956666,17.5125815621477,17.3168855632327,176.22279253783,168.485285358167,2746.24794708894,2134.31889534104,99.9,100.0,1.558007349999997,-0.20699999999999996,0.139,-15.525999999999996,3002.53401436088,128.792359690165,0,0,0
Thailand,THA,2024,90.86718789,14.8870491187484,160.639312286761,3149.99672587537,100.0,16.86,0.72117334961778,28.3057768762254,0.781,0.781,66.604,67.129,4.66,12.824,1.707,0.826,0.743,58.982,74.793,59.473,28.9863358878798,22.2543475044884,48.7593092354398,48.1425368175888,49.1662443629146,50.8337580944829,38538.4223127605,21882.2142474833,2.94859986593323,135.724935837766,2.70165281834265,61.8689338391321,44.9845744019321,71668011.0,69.887763454186,0.398333333333422,9.993429451026337,18.08755505538743,89.53525238,87.97724503,14.5089451983046,17.5125815621477,168.642808295144,176.22279253783,3002.53401436088,2746.24794708894,100.0,99.9,1.3319355099999939,0.04800000000000004,0.08299999999999996,-15.811000000000007,3149.99672587537,135.724935837766,0,0,0
Viet Nam,VNM,2010,30.65,4.19566019392431,127.574189111237,2.30975529034585,97.4,7.81,10.005268213901825,13.1303195968336,1.114,1.114,75.418,76.268,3.432,8.242,2.237,1.078,1.149,70.958,80.3,71.731,48.7073170030533,21.6785952420111,29.6140897652962,62.7268053732437,33.8338273660669,66.1661786650152,12790.1549732578,7274.73310698016,6.42324482239482,113.977687539714,5.4347392933443,30.2504027258526,23.9250975429329,87455152.0,69.3695865360201,9.20746648778413,8.892162405040983,18.286636671358494,,,,,,,,,,,,,-0.07099999999999995,-9.341999999999999,2.30975529034585,113.977687539714,0,0,0
Viet Nam,VNM,2011,35.07,4.33850926558858,143.91372373164,3.69623863296411,99.0,11.56,11.11950770969213,18.8147980828908,0.999,0.999,75.609,76.372,3.226,8.292,2.509,0.905,1.089,71.066,80.578,71.715,48.3142512169317,21.2757181730152,30.4100306100531,62.4408821880805,34.6659310568189,65.3340689431811,13356.96664417,7652.61895672271,6.41316889681683,125.260577940829,4.30487434902161,30.6996041680996,25.8674734818525,88468314.0,69.7206595346669,18.6777322770706,8.942803215517136,18.298155011970415,30.65,,4.19566019392431,,127.574189111237,,2.30975529034585,,97.4,,4.420000000000002,-0.1150000000000001,-0.18399999999999994,-9.512,3.69623863296411,125.260577940829,0,0,0
Viet Nam,VNM,2012,36.79999924,5.33498939497012,147.104457946743,9.07157603082262,97.9,18.1,10.080746888539565,27.1630278606772,1.027,1.027,75.539,76.323,3.63,9.438,2.817,0.934,1.117,71.31,80.162,71.983,47.3667761338807,21.1899640109416,31.4432598551777,62.5350197705013,34.767520336154,65.232475771517,13901.085479596,7979.86828926858,5.5045447041189,123.224116745985,4.27832287681174,31.1222779403029,25.7487091222031,89510356.0,69.9019824583313,9.09470339557193,8.984677185203456,18.309864886048462,35.07,30.65,4.33850926558858,4.19566019392431,143.91372373164,127.574189111237,3.69623863296411,2.30975529034585,99.0,97.4,1.729999239999998,0.027999999999999914,-0.18299999999999994,-8.852000000000004,9.07157603082262,123.224116745985,0,0,0
Viet Nam,VNM,2013,38.5,5.68885880294,136.614018439735,14.1984755209449,98.5,24.41,9.41555396070389,33.5956426471693,1.316,1.316,76.217,77.234,4.559,9.987,3.892,1.141,1.486,72.075,80.744,72.906,46.813420117302,21.1832292145355,32.0033506681625,62.6538750141381,34.8558495696665,65.1441485258955,14358.5460599234,8324.19871250047,5.55351081026072,130.846354866743,4.16454517277325,31.5334201724543,25.6249412769592,90573104.0,69.8981123579468,6.59267475899192,9.02692205946555,18.321667861597806,36.79999924,35.07,5.33498939497012,4.33850926558858,147.104457946743,143.91372373164,9.07157603082262,3.69623863296411,97.9,99.0,1.7000007600000018,0.28900000000000015,-0.345,-8.668999999999997,14.1984755209449,130.846354866743,0,0,0
Viet Nam,VNM,2014,41.0,6.54510757019409,148.504309214861,20.331681718692,99.2,23.89,9.23113197109808,32.0548869012837,1.256,1.256,76.335,77.306,4.666,9.727,3.966,1.109,1.399,72.249,80.798,73.059,46.3357632626857,21.4461042822337,32.2181324550806,62.2488274046861,35.660735510433,64.3392588513893,15079.6514659694,8751.88280634375,6.42224312118567,135.410521454361,3.94086189051961,31.9480269945454,31.3306389293887,91679578.0,69.7479006720559,4.08455446637625,9.077024134072081,18.33381020795327,38.5,36.79999924,5.68885880294,5.33498939497012,136.614018439735,147.104457946743,14.1984755209449,9.07157603082262,98.5,97.9,2.5,-0.06000000000000005,-0.29000000000000004,-8.549000000000007,20.331681718692,135.410521454361,0,0,0
Viet Nam,VNM,2015,45.0,8.24967739226207,129.627056599416,32.6750018912287,99.3,29.01,8.13895681305362,36.3691117529912,1.848,1.848,75.999,77.43,6.267,9.884,4.588,1.706,1.985,71.619,80.782,72.863,44.0184515218041,22.7436707500954,33.2378777281005,57.7628165781259,39.3362094535459,60.6637942764758,16009.8086878279,9248.02396069622,6.98715430598611,144.914228195237,4.93190773329022,32.3810945365679,29.7250797402999,92823254.0,69.5564437980164,0.631200905175685,9.132165181814536,18.346207748262582,41.0,38.5,6.54510757019409,5.68885880294,148.504309214861,136.614018439735,20.331681718692,14.1984755209449,99.2,98.5,4.0,0.5920000000000001,-0.27900000000000014,-9.162999999999997,32.6750018912287,144.914228195237,0,0,0
Viet Nam,VNM,2016,53.0,9.679017739946,128.297962650408,277.637952301698,99.2,30.31,10.882383444944281,38.0569617054575,1.848,1.848,75.542,76.965,6.763,9.47,4.626,1.699,1.992,71.297,80.16,72.53,41.8649072066788,24.7622070388361,33.37288761068,55.9228443604091,41.2438243697276,58.7561793426623,17000.2147796543,9743.1882231455,6.69000892660424,145.409507973118,4.90089302916746,32.8476189285136,29.0811980839409,94000117.0,69.2591615032732,2.66824816969082,9.184323676046649,18.358806584914355,45.0,41.0,8.24967739226207,6.54510757019409,129.627056599416,148.504309214861,32.6750018912287,20.331681718692,99.3,99.2,8.0,0.0,-0.2929999999999999,-8.863,277.637952301698,145.409507973118,0,0,0
Viet Nam,VNM,2017,58.1400000036297,11.8410316814328,126.097912313395,1340.49224950694,100.0,32.35,10.06152254954033,41.7381332957129,1.874,1.874,75.753,77.2,7.124,9.702,4.001,1.703,2.037,71.339,80.522,72.575,40.1554391261382,25.7768318231697,34.0677198752187,55.116987476102,42.8488760172894,57.1511239827106,17973.3795572139,10290.5487142244,6.94019037359206,160.98008365887,5.01148721749681,33.3625963003742,25.9526307046456,95176977.0,68.8126189382964,3.52025688811618,9.23898115240388,18.371248632278718,53.0,45.0,9.679017739946,8.24967739226207,128.297962650408,129.627056599416,277.637952301698,32.6750018912287,99.2,99.3,5.1400000036297016,0.026000000000000023,-0.33399999999999985,-9.183000000000007,1340.49224950694,160.98008365887,0,0,0
Viet Nam,VNM,2018,69.8479286837965,13.5025072757898,146.137840768403,1756.65741478106,100.0,32.92,9.698827891284349,40.7501595675465,1.161,1.161,76.582,77.482,4.648,8.305,2.075,1.029,1.286,72.147,81.348,72.897,37.7241139171479,26.7047230561435,35.5711648258268,53.9142551765669,43.9443389521475,56.0556556504978,18936.4394759814,10936.8937859558,7.46500685572751,164.663936775893,4.99828319622328,33.9410227821412,28.088374945523498,96237319.0,68.4353308489645,3.53962805942641,9.29989710384579,18.382327771802938,58.1400000036297,53.0,11.8410316814328,9.679017739946,126.097912313395,128.297962650408,1340.49224950694,277.637952301698,100.0,99.2,11.707928680166795,-0.7130000000000001,-0.2570000000000001,-9.200999999999993,1756.65741478106,164.663936775893,0,0,0
Viet Nam,VNM,2019,68.6615802057338,15.2328957557438,140.192561828615,2577.96918378473,99.4,33.68,9.475993695392745,40.4334300320093,1.681,1.681,75.327,76.615,5.624,13.237,2.53,1.598,1.758,70.368,80.645,71.511,34.5351601063592,29.5891842687317,35.8756556249091,53.2337599957737,44.3473160334712,55.6526785352361,20457.7304210902,11628.6139147451,7.35926270105006,164.704215031408,4.821074861051,34.6239134999511,30.2241191864014,97173776.0,68.2102971289821,2.79582367452244,9.361224056530803,18.39201143879097,69.8479286837965,58.1400000036297,13.5025072757898,11.8410316814328,146.137840768403,126.097912313395,1756.65741478106,1340.49224950694,100.0,100.0,-1.1863484780626976,0.52,-0.15999999999999992,-10.277000000000001,2577.96918378473,164.704215031408,0,0,0
Viet Nam,VNM,2020,70.30000012,17.0262915402718,141.655558720912,3082.33578313263,99.8,37.17,13.565194500451105,41.7401040421189,2.103,2.103,72.803,74.367,6.546,14.184,4.483,2.448,1.783,67.404,78.598,69.095,32.6123879661738,31.0698896075906,36.3177224262355,53.1302143969625,44.1491159909334,55.8508784524763,21529.5499916683,11851.3965685649,2.86541320912272,163.245862814935,4.55836196782424,35.5706676299742,36.0898081529531,98079191.0,68.0438111484831,3.22093436652515,9.380200993506387,18.40128578174948,68.6615802057338,69.8479286837965,15.2328957557438,13.5025072757898,140.192561828615,146.137840768403,2577.96918378473,1756.65741478106,99.4,100.0,1.6384199142662084,0.42200000000000015,0.665,-11.194000000000003,3082.33578313263,163.245862814935,1,0,0
Viet Nam,VNM,2021,74.20999985,19.5362327330994,136.806313165021,3846.57222455068,100.0,36.57,15.53963844721655,41.5396346544198,2.383,2.383,71.981,73.738,6.903,14.922,3.406,2.286,2.475,67.527,76.764,69.107,29.0283266030004,33.1255735800284,37.8460942595862,53.1544201035082,44.7785493075313,55.2214525449305,22082.4320174116,12048.9019935536,2.55372852648131,186.675832836814,4.27314566190187,36.6540656426603,41.9554971195048,98935098.0,67.91665042917,1.83471554810462,9.396728813900122,18.409974617357538,70.30000012,68.6615802057338,17.0262915402718,15.2328957557438,141.655558720912,140.192561828615,3082.33578313263,2577.96918378473,99.8,99.4,3.9099997299999956,0.2799999999999998,-0.18900000000000006,-9.236999999999995,3846.57222455068,186.675832836814,1,0,0
Viet Nam,VNM,2022,78.58999918,21.3681380805533,137.852422819653,4713.44214180776,100.0,35.95,13.22511025700485,42.689178907016,1.57,1.57,73.314,74.484,6.097,11.062,3.014,1.457,1.677,68.86,78.1,69.878,33.4623722339218,30.6825928896503,35.8550348764279,52.7993697102954,45.3477061385786,54.6522974592939,23275.2478531629,12979.7638983711,8.53750041218142,183.153619147836,4.32947308910883,37.5478515625,44.7536854027422,99680655.0,67.8350734151978,3.15650749963112,9.471146800444812,18.417482184009117,74.20999985,70.30000012,19.5362327330994,17.0262915402718,136.806313165021,141.655558720912,3846.57222455068,3082.33578313263,100.0,99.8,4.379999330000004,-0.813,-0.21999999999999997,-9.239999999999995,4713.44214180776,183.153619147836,0,0,0
Viet Nam,VNM,2023,78.08,22.6806675035061,130.991428667547,5256.30770476842,99.8,35.9,11.469719374195531,44.256885251682,1.645,1.645,72.335,73.545,6.441,10.818,2.688,1.511,1.772,68.169,76.815,69.215,26.9827056291982,33.467876483268,39.5494160842561,52.3405074390883,45.7156818633744,54.2843181366256,24493.0702822075,13534.7997843016,4.97865959483225,164.995585455876,4.26458856546888,38.1298904418945,32.8415128147815,100352192.0,67.7729868011901,3.25289282667662,9.513019409497293,18.42419647651564,78.58999918,74.20999985,21.3681380805533,19.5362327330994,137.852422819653,136.806313165021,4713.44214180776,3846.57222455068,100.0,100.0,-0.5099991800000083,0.07499999999999996,-0.2610000000000001,-8.646,5256.30770476842,164.995585455876,0,0,0
Viet Nam,VNM,2024,84.15,23.711259212336,127.606471743496,5733.7485681175,100.0,35.9,12.787837468250089,44.256885251682,1.602,1.529,71.963,73.134,6.338,10.253,2.297,1.473,1.725,67.89,76.344,68.905,25.8741334316538,34.3195198506067,39.8063485099891,51.8648185778417,46.1884543538158,53.8115456461842,26056.7259908215,14396.4217369473,7.03955197123018,173.885260216071,4.23450755062236,38.4900703430176,37.5923642016718,100987686.0,67.7288116705198,3.62109273885844,9.574734964195445,18.430509146580512,78.08,78.58999918,22.6806675035061,21.3681380805533,130.991428667547,137.852422819653,5256.30770476842,4713.44214180776,99.8,100.0,6.070000000000007,-0.04299999999999993,-0.252,-8.453999999999994,5733.7485681175,173.885260216071,0,0,0
